time,symbol,event,direction,entry,exit,pnl_pct,strength
2026-06-15 22:09,BTC/USDT,OPEN,LONG,66368.15,,,1
2026-06-15 22:09,ETH/USDT,OPEN,LONG,1811.35,,,1
2026-06-15 22:09,BNB/USDT,OPEN,LONG,619.32,,,1
2026-06-15 22:09,XRP/USDT,OPEN,LONG,1.25,,,1
2026-06-15 22:09,ADA/USDT,OPEN,LONG,0.1794,,,1
2026-06-15 22:09,DOT/USDT,OPEN,LONG,1.016,,,1
2026-06-15 22:09,LINK/USDT,OPEN,LONG,8.354,,,1
2026-06-15 22:09,NEAR/USDT,OPEN,LONG,2.445,,,1
2026-06-15 22:09,UNI/USDT,OPEN,LONG,2.782,,,1
2026-06-15 23:04,SOL/USDT,OPEN,LONG,73.78,,,1
2026-06-15 23:04,ADA/USDT,CLOSE,LONG,0.1794,0.1783,-0.61,1
2026-06-15 23:04,ADA/USDT,OPEN,SHORT,0.1783,,,1
2026-06-15 23:04,DOGE/USDT,OPEN,SHORT,0.08802,,,1
2026-06-15 23:04,UNI/USDT,CLOSE,LONG,2.782,2.786,0.14,1
2026-06-16 02:05,BNB/USDT,CLOSE,LONG,619.32,615.8,-0.57,1
2026-06-16 02:05,ADA/USDT,CLOSE,SHORT,0.1783,0.1773,0.56,1
2026-06-16 02:05,DOGE/USDT,CLOSE,SHORT,0.08802,0.08787,0.17,1
2026-06-16 02:05,BCH/USDT,OPEN,LONG,223.8,,,1
2026-06-16 08:25,BTC/USDT,CLOSE,LONG,66368.15,66372.0,0.01,1
2026-06-16 08:25,ADA/USDT,OPEN,LONG,0.1788,,,1
2026-06-16 08:25,DOT/USDT,CLOSE,LONG,1.016,1.016,0.0,1
2026-06-16 13:09,XRP/USDT,CLOSE,LONG,1.25,1.2446,-0.43,1
2026-06-16 13:09,ADA/USDT,CLOSE,LONG,0.1788,0.18,0.67,1
2026-06-16 13:09,BCH/USDT,CLOSE,LONG,223.8,221.0,-1.25,1
2026-06-16 13:09,UNI/USDT,OPEN,LONG,3.073,,,1
2026-06-16 18:14,LINK/USDT,CLOSE,LONG,8.354,8.256,-1.17,1
2026-06-16 18:14,NEAR/USDT,CLOSE,LONG,2.445,2.336,-4.46,1
2026-06-16 21:25,SOL/USDT,CLOSE,LONG,73.78,74.14,0.49,1
2026-06-16 21:25,NEAR/USDT,OPEN,LONG,2.37,,,1
2026-06-16 23:00,NEAR/USDT,CLOSE,LONG,2.37,2.326,-1.86,1
2026-06-16 23:00,UNI/USDT,CLOSE,LONG,3.073,3.271,6.44,1
2026-06-17 05:22,ETH/USDT,CLOSE,LONG,1811.35,1794.3,-0.94,1
2026-06-17 10:12,BTC/USDT,OPEN,LONG,64909.44,,,1
2026-06-17 14:07,BTC/USDT,CLOSE,LONG,64909.44,65278.0,0.57,1
2026-06-17 14:07,ADA/USDT,OPEN,SHORT,0.1682,,,1
2026-06-17 14:07,UNI/USDT,OPEN,LONG,3.312,,,1
2026-06-17 17:28,TRX/USDT,OPEN,LONG,0.3215,,,1
2026-06-17 19:35,TRX/USDT,CLOSE,LONG,0.3215,0.3209,-0.19,1
2026-06-17 21:52,BCH/USDT,OPEN,SHORT,212.1,,,1
2026-06-18 02:00,DOGE/USDT,OPEN,SHORT,0.08623,,,1
2026-06-18 06:55,BNB/USDT,OPEN,SHORT,589.58,,,1
2026-06-18 06:55,AVAX/USDT,OPEN,SHORT,6.62,,,1
2026-06-18 06:55,UNI/USDT,CLOSE,LONG,3.312,3.09,-6.7,1
2026-06-18 06:55,UNI/USDT,OPEN,SHORT,3.09,,,1
2026-06-18 11:05,ATOM/USDT,OPEN,SHORT,1.822,,,1
2026-06-18 11:05,UNI/USDT,CLOSE,SHORT,3.09,3.161,-2.3,1
2026-06-18 14:28,XRP/USDT,OPEN,SHORT,1.1611,,,1
2026-06-18 14:28,ATOM/USDT,CLOSE,SHORT,1.822,1.825,-0.16,1
2026-06-18 17:41,BTC/USDT,OPEN,SHORT,62688.0,,,1
2026-06-18 17:41,BNB/USDT,CLOSE,SHORT,589.58,577.66,2.02,1
2026-06-18 17:41,XRP/USDT,CLOSE,SHORT,1.1611,1.1476,1.16,1
2026-06-18 17:41,AVAX/USDT,CLOSE,SHORT,6.62,6.334,4.32,1
2026-06-18 17:41,TRX/USDT,OPEN,SHORT,0.3191,,,1
2026-06-18 17:41,BCH/USDT,CLOSE,SHORT,212.1,197.2,7.02,1
2026-06-18 20:09,BNB/USDT,OPEN,SHORT,578.88,,,1
2026-06-18 20:09,AVAX/USDT,OPEN,SHORT,6.356,,,1
2026-06-18 20:09,DOT/USDT,OPEN,SHORT,0.964,,,1
2026-06-18 20:09,TRX/USDT,CLOSE,SHORT,0.3191,0.3201,-0.31,1
2026-06-18 20:09,BCH/USDT,OPEN,SHORT,198.2,,,1
2026-06-18 20:09,ATOM/USDT,OPEN,SHORT,1.804,,,1
2026-06-18 22:29,LTC/USDT,OPEN,SHORT,43.76,,,1
2026-06-19 00:09,XRP/USDT,OPEN,SHORT,1.1465,,,1
2026-06-19 05:32,BCH/USDT,CLOSE,SHORT,198.2,193.7,2.27,1
2026-06-19 05:32,NEAR/USDT,OPEN,SHORT,2.103,,,1
2026-06-19 10:10,ETH/USDT,OPEN,SHORT,1689.2,,,1
2026-06-19 10:10,AVAX/USDT,CLOSE,SHORT,6.356,6.063,4.61,1
2026-06-19 10:10,TRX/USDT,OPEN,LONG,0.322,,,1
2026-06-19 10:10,BCH/USDT,OPEN,SHORT,193.8,,,1
2026-06-19 10:10,NEAR/USDT,CLOSE,SHORT,2.103,2.114,-0.52,1
2026-06-19 13:53,SOL/USDT,OPEN,SHORT,68.62,,,1
2026-06-19 13:53,AVAX/USDT,OPEN,SHORT,6.11,,,1
2026-06-19 16:27,TRX/USDT,CLOSE,LONG,0.322,0.3212,-0.25,1
2026-06-19 16:27,LTC/USDT,CLOSE,SHORT,43.76,44.45,-1.58,1
2026-06-19 16:27,LTC/USDT,OPEN,LONG,44.45,,,1
2026-06-19 18:15,BTC/USDT,CLOSE,SHORT,62688.0,63198.01,-0.81,1
2026-06-19 18:15,DOT/USDT,CLOSE,SHORT,0.964,0.962,0.21,1
2026-06-19 18:15,LTC/USDT,CLOSE,LONG,44.45,44.14,-0.7,1
2026-06-19 20:11,ETH/USDT,CLOSE,SHORT,1689.2,1701.2,-0.71,1
2026-06-19 20:11,AVAX/USDT,CLOSE,SHORT,6.11,5.879,3.78,1
2026-06-19 20:11,LTC/USDT,OPEN,SHORT,43.94,,,1
2026-06-19 21:41,SOL/USDT,CLOSE,SHORT,68.62,69.25,-0.92,1
2026-06-19 21:41,AVAX/USDT,OPEN,SHORT,5.933,,,1
2026-06-19 22:43,LTC/USDT,CLOSE,SHORT,43.94,43.8,0.32,1
2026-06-20 03:27,BNB/USDT,CLOSE,SHORT,578.88,580.18,-0.22,1
2026-06-20 03:27,BCH/USDT,CLOSE,SHORT,193.8,197.4,-1.86,1
2026-06-20 07:12,XRP/USDT,CLOSE,SHORT,1.1465,1.1497,-0.28,1
2026-06-20 07:12,ADA/USDT,CLOSE,SHORT,0.1682,0.1637,2.68,1
2026-06-20 07:12,DOGE/USDT,CLOSE,SHORT,0.08623,0.0842,2.35,1
2026-06-20 07:12,ATOM/USDT,CLOSE,SHORT,1.804,1.804,0.0,1
2026-06-20 10:17,AVAX/USDT,CLOSE,SHORT,5.933,6.188,-4.3,1
2026-06-20 12:14,SOL/USDT,OPEN,LONG,71.78,,,1
2026-06-20 12:14,XRP/USDT,OPEN,SHORT,1.1472,,,1
2026-06-20 12:14,ADA/USDT,OPEN,SHORT,0.1629,,,1
2026-06-20 12:14,AVAX/USDT,OPEN,SHORT,6.162,,,1
2026-06-20 12:14,TRX/USDT,OPEN,LONG,0.3247,,,1
2026-06-20 12:14,ATOM/USDT,OPEN,SHORT,1.786,,,1
2026-06-20 14:38,XRP/USDT,CLOSE,SHORT,1.1472,1.1411,0.53,1
2026-06-20 14:38,ADA/USDT,CLOSE,SHORT,0.1629,0.1614,0.92,1
2026-06-20 16:11,BTC/USDT,OPEN,LONG,64160.04,,,1
2026-06-20 16:11,TRX/USDT,CLOSE,LONG,0.3247,0.3242,-0.15,1
2026-06-20 16:11,ATOM/USDT,CLOSE,SHORT,1.786,1.791,-0.28,1
2026-06-20 17:52,BTC/USDT,CLOSE,LONG,64160.04,64034.31,-0.2,1
2026-06-20 17:52,NEAR/USDT,OPEN,LONG,2.194,,,1
2026-06-20 19:08,DOGE/USDT,OPEN,SHORT,0.08314,,,1
2026-06-20 19:08,NEAR/USDT,CLOSE,LONG,2.194,2.139,-2.51,1
2026-06-20 23:07,DOGE/USDT,CLOSE,SHORT,0.08314,0.08385,-0.85,1
2026-06-20 23:07,AVAX/USDT,CLOSE,SHORT,6.162,6.242,-1.3,1
2026-06-20 23:07,TRX/USDT,OPEN,LONG,0.3268,,,2
2026-06-20 23:07,LTC/USDT,OPEN,LONG,44.52,,,1
2026-06-21 01:45,AVAX/USDT,OPEN,LONG,6.266,,,1
2026-06-21 01:45,LTC/USDT,CLOSE,LONG,44.52,44.57,0.11,1
2026-06-21 01:45,NEAR/USDT,OPEN,LONG,2.211,,,1
2026-06-21 06:42,AVAX/USDT,CLOSE,LONG,6.266,6.22,-0.73,1
2026-06-21 06:42,NEAR/USDT,CLOSE,LONG,2.211,2.212,0.05,1
2026-06-21 10:25,SOL/USDT,CLOSE,LONG,71.78,74.05,3.16,1
2026-06-21 10:25,AVAX/USDT,OPEN,SHORT,6.314,,,1
2026-06-21 10:25,LTC/USDT,OPEN,LONG,44.99,,,1
2026-06-21 10:25,NEAR/USDT,OPEN,LONG,2.271,,,1
2026-06-21 12:23,SOL/USDT,OPEN,LONG,73.21,,,1
2026-06-21 12:23,AVAX/USDT,CLOSE,SHORT,6.314,6.267,0.74,1
2026-06-21 12:23,NEAR/USDT,CLOSE,LONG,2.271,2.235,-1.59,1
2026-06-21 14:38,LTC/USDT,CLOSE,LONG,44.99,45.12,0.29,1
2026-06-21 16:25,LTC/USDT,OPEN,LONG,45.93,,,1
2026-06-21 16:25,UNI/USDT,OPEN,LONG,3.114,,,1
2026-06-21 18:01,ATOM/USDT,OPEN,SHORT,1.767,,,1
2026-06-21 18:01,UNI/USDT,CLOSE,LONG,3.114,3.034,-2.57,1
2026-06-21 20:10,BNB/USDT,OPEN,LONG,591.85,,,1
2026-06-21 21:50,BTC/USDT,OPEN,SHORT,63848.0,,,1
2026-06-21 21:50,BNB/USDT,CLOSE,LONG,591.85,588.46,-0.57,1
2026-06-21 21:50,AVAX/USDT,OPEN,SHORT,6.2,,,1
2026-06-21 21:50,LINK/USDT,OPEN,SHORT,7.888,,,1
2026-06-21 21:50,NEAR/USDT,OPEN,SHORT,2.119,,,1
2026-06-21 22:59,BTC/USDT,CLOSE,SHORT,63848.0,63808.01,0.06,1
2026-06-21 22:59,XRP/USDT,OPEN,SHORT,1.1349,,,1
2026-06-21 22:59,ADA/USDT,OPEN,SHORT,0.1596,,,1
2026-06-21 22:59,DOT/USDT,OPEN,SHORT,0.951,,,1
2026-06-21 22:59,BCH/USDT,OPEN,SHORT,196.3,,,1
2026-06-21 22:59,NEAR/USDT,CLOSE,SHORT,2.119,2.123,-0.19,1
2026-06-22 00:11,BTC/USDT,OPEN,SHORT,63311.99,,,1
2026-06-22 00:11,BNB/USDT,OPEN,SHORT,584.23,,,1
2026-06-22 00:11,SOL/USDT,CLOSE,LONG,73.21,72.46,-1.02,1
2026-06-22 00:11,XRP/USDT,CLOSE,SHORT,1.1349,1.1248,0.89,1
2026-06-22 00:11,DOGE/USDT,OPEN,SHORT,0.08224,,,2
2026-06-22 00:11,LINK/USDT,CLOSE,SHORT,7.888,7.783,1.33,1
2026-06-22 00:11,LTC/USDT,CLOSE,LONG,45.93,44.47,-3.18,1
2026-06-22 05:39,BTC/USDT,CLOSE,SHORT,63311.99,64100.02,-1.24,1
2026-06-22 05:39,BNB/USDT,CLOSE,SHORT,584.23,590.57,-1.09,1
2026-06-22 05:39,SOL/USDT,OPEN,LONG,73.86,,,1
2026-06-22 05:39,ADA/USDT,CLOSE,SHORT,0.1596,0.1593,0.19,1
2026-06-22 05:39,DOGE/USDT,CLOSE,SHORT,0.08224,0.08323,-1.2,2
2026-06-22 05:39,AVAX/USDT,CLOSE,SHORT,6.2,6.276,-1.23,1
2026-06-22 05:39,DOT/USDT,CLOSE,SHORT,0.951,0.955,-0.42,1
2026-06-22 05:39,LTC/USDT,OPEN,LONG,44.94,,,1
2026-06-22 05:39,BCH/USDT,CLOSE,SHORT,196.3,199.5,-1.63,1
2026-06-22 05:39,ATOM/USDT,CLOSE,SHORT,1.767,1.796,-1.64,1
2026-06-22 05:39,ATOM/USDT,OPEN,LONG,1.796,,,1
2026-06-22 11:32,SOL/USDT,CLOSE,LONG,73.86,73.78,-0.11,1
2026-06-22 11:32,TRX/USDT,CLOSE,LONG,0.3268,0.3312,1.35,2
2026-06-22 11:32,ATOM/USDT,CLOSE,LONG,1.796,1.819,1.28,1
2026-06-22 11:32,ATOM/USDT,OPEN,SHORT,1.819,,,1
2026-06-22 16:25,TRX/USDT,OPEN,LONG,0.3301,,,1
2026-06-22 16:25,ATOM/USDT,CLOSE,SHORT,1.819,1.802,0.93,1
2026-06-22 19:53,LTC/USDT,CLOSE,LONG,44.94,44.73,-0.47,1
2026-06-22 23:11,ETH/USDT,OPEN,SHORT,1724.15,,,1
2026-06-22 23:11,SOL/USDT,OPEN,SHORT,72.11,,,1
2026-06-22 23:11,DOGE/USDT,OPEN,SHORT,0.08225,,,1
2026-06-22 23:11,DOT/USDT,OPEN,SHORT,0.934,,,1
2026-06-22 23:11,TRX/USDT,CLOSE,LONG,0.3301,0.3336,1.06,1
2026-06-22 23:11,BCH/USDT,OPEN,SHORT,196.9,,,1
2026-06-22 23:11,NEAR/USDT,OPEN,SHORT,2.07,,,1
2026-06-22 23:11,UNI/USDT,OPEN,SHORT,2.963,,,1
2026-06-23 01:28,ETH/USDT,CLOSE,SHORT,1724.15,1731.27,-0.41,1
2026-06-23 01:28,SOL/USDT,CLOSE,SHORT,72.11,71.88,0.32,1
2026-06-23 01:28,DOGE/USDT,CLOSE,SHORT,0.08225,0.08259,-0.41,1
2026-06-23 01:28,DOT/USDT,CLOSE,SHORT,0.934,0.934,0.0,1
2026-06-23 01:28,NEAR/USDT,CLOSE,SHORT,2.07,2.06,0.48,1
2026-06-23 01:28,UNI/USDT,CLOSE,SHORT,2.963,2.997,-1.15,1
2026-06-23 05:38,BTC/USDT,OPEN,SHORT,63623.02,,,1
2026-06-23 05:38,BNB/USDT,OPEN,SHORT,587.21,,,1
2026-06-23 05:38,XRP/USDT,OPEN,SHORT,1.1175,,,1
2026-06-23 05:38,DOGE/USDT,OPEN,SHORT,0.08169,,,1
2026-06-23 05:38,TRX/USDT,OPEN,LONG,0.3325,,,1
2026-06-23 05:38,BCH/USDT,CLOSE,SHORT,196.9,195.1,0.91,1
2026-06-23 05:38,ATOM/USDT,OPEN,SHORT,1.782,,,1
2026-06-23 08:56,BTC/USDT,CLOSE,SHORT,63623.02,62886.03,1.16,1
2026-06-23 08:56,BNB/USDT,CLOSE,SHORT,587.21,580.88,1.08,1
2026-06-23 08:56,XRP/USDT,CLOSE,SHORT,1.1175,1.1129,0.41,1
2026-06-23 08:56,DOGE/USDT,CLOSE,SHORT,0.08169,0.08,2.07,1
2026-06-23 08:56,DOT/USDT,OPEN,SHORT,0.906,,,1
2026-06-23 08:56,ATOM/USDT,CLOSE,SHORT,1.782,1.762,1.12,1
2026-06-23 11:53,DOT/USDT,CLOSE,SHORT,0.906,0.897,0.99,1
2026-06-23 11:53,BCH/USDT,OPEN,SHORT,190.3,,,1
2026-06-23 11:53,ATOM/USDT,OPEN,SHORT,1.758,,,1
2026-06-23 14:23,BTC/USDT,OPEN,SHORT,62475.99,,,1
2026-06-23 14:23,ETH/USDT,OPEN,SHORT,1662.83,,,1
2026-06-23 14:23,BNB/USDT,OPEN,SHORT,575.28,,,1
2026-06-23 14:23,XRP/USDT,OPEN,SHORT,1.1029,,,1
2026-06-23 14:23,ADA/USDT,OPEN,SHORT,0.1517,,,1
2026-06-23 14:23,DOGE/USDT,OPEN,SHORT,0.07962,,,1
2026-06-23 14:23,DOT/USDT,OPEN,SHORT,0.907,,,1
2026-06-23 14:23,LINK/USDT,OPEN,SHORT,7.627,,,1
2026-06-23 14:23,TRX/USDT,CLOSE,LONG,0.3325,0.3297,-0.84,1
2026-06-23 14:23,NEAR/USDT,OPEN,SHORT,1.997,,,1
2026-06-23 16:46,ETH/USDT,CLOSE,SHORT,1662.83,1659.78,0.18,1
2026-06-23 16:46,DOGE/USDT,CLOSE,SHORT,0.07962,0.07882,1.0,1
2026-06-23 16:46,LTC/USDT,OPEN,SHORT,41.95,,,1
2026-06-23 19:01,BTC/USDT,CLOSE,SHORT,62475.99,62241.99,0.37,1
2026-06-23 19:01,ADA/USDT,CLOSE,SHORT,0.1517,0.1501,1.05,1
2026-06-23 19:01,LTC/USDT,CLOSE,SHORT,41.95,42.0,-0.12,1
2026-06-23 21:11,BTC/USDT,OPEN,SHORT,62470.7,,,1
2026-06-23 21:11,ETH/USDT,OPEN,SHORT,1664.13,,,1
2026-06-23 21:11,SOL/USDT,OPEN,SHORT,69.01,,,1
2026-06-23 22:47,ADA/USDT,OPEN,SHORT,0.1515,,,1
2026-06-23 22:47,DOGE/USDT,OPEN,SHORT,0.07876,,,1
2026-06-23 23:51,AVAX/USDT,OPEN,LONG,6.473,,,1
2026-06-24 02:06,AVAX/USDT,CLOSE,LONG,6.473,6.455,-0.28,1
2026-06-24 02:06,LTC/USDT,OPEN,SHORT,42.23,,,1
2026-06-24 02:06,BCH/USDT,CLOSE,SHORT,190.3,196.0,-3.0,1
2026-06-24 02:06,BCH/USDT,OPEN,LONG,196.0,,,1
2026-06-24 06:28,ETH/USDT,CLOSE,SHORT,1664.13,1674.48,-0.62,1
2026-06-24 06:28,BCH/USDT,CLOSE,LONG,196.0,195.0,-0.51,1
2026-06-24 09:56,BTC/USDT,CLOSE,SHORT,62470.7,62800.0,-0.53,1
2026-06-24 09:56,BNB/USDT,CLOSE,SHORT,575.28,577.88,-0.45,1
2026-06-24 09:56,DOT/USDT,CLOSE,SHORT,0.907,0.907,0.0,1
2026-06-24 09:56,TRX/USDT,OPEN,LONG,0.3307,,,1
2026-06-24 09:56,NEAR/USDT,CLOSE,SHORT,1.997,1.958,1.95,1
2026-06-24 15:16,BTC/USDT,OPEN,SHORT,61113.1,,,1
2026-06-24 15:16,SOL/USDT,CLOSE,SHORT,69.01,68.85,0.23,1
2026-06-24 15:16,XRP/USDT,CLOSE,SHORT,1.1029,1.0754,2.49,1
2026-06-24 15:16,ADA/USDT,CLOSE,SHORT,0.1515,0.1454,4.03,1
2026-06-24 15:16,DOGE/USDT,CLOSE,SHORT,0.07876,0.07678,2.51,1
2026-06-24 15:16,TRX/USDT,CLOSE,LONG,0.3307,0.3293,-0.42,1
2026-06-24 17:25,ETH/USDT,OPEN,SHORT,1589.87,,,1
2026-06-24 17:25,BNB/USDT,OPEN,SHORT,554.75,,,1
2026-06-24 17:25,SOL/USDT,OPEN,SHORT,66.52,,,1
2026-06-24 17:25,ADA/USDT,OPEN,SHORT,0.1416,,,1
2026-06-24 17:25,DOGE/USDT,OPEN,SHORT,0.0742,,,1
2026-06-24 17:25,AVAX/USDT,OPEN,SHORT,6.144,,,1
2026-06-24 17:25,DOT/USDT,OPEN,SHORT,0.855,,,1
2026-06-24 17:25,TRX/USDT,OPEN,SHORT,0.3263,,,1
2026-06-24 17:25,BCH/USDT,OPEN,SHORT,182.3,,,1
2026-06-24 17:25,ATOM/USDT,CLOSE,SHORT,1.758,1.618,7.96,1
2026-06-24 17:25,NEAR/USDT,OPEN,SHORT,1.887,,,1
2026-06-24 19:08,BTC/USDT,CLOSE,SHORT,61113.1,59599.99,2.48,1
2026-06-24 19:08,ETH/USDT,CLOSE,SHORT,1589.87,1572.26,1.11,1
2026-06-24 19:08,BNB/USDT,CLOSE,SHORT,554.75,553.59,0.21,1
2026-06-24 19:08,ADA/USDT,CLOSE,SHORT,0.1416,0.1417,-0.07,1
2026-06-24 19:08,DOGE/USDT,CLOSE,SHORT,0.0742,0.0739,0.4,1
2026-06-24 19:08,AVAX/USDT,CLOSE,SHORT,6.144,6.098,0.75,1
2026-06-24 19:08,LINK/USDT,CLOSE,SHORT,7.627,7.189,5.74,1
2026-06-24 19:08,TRX/USDT,CLOSE,SHORT,0.3263,0.326,0.09,1
2026-06-24 19:08,LTC/USDT,CLOSE,SHORT,42.23,39.79,5.78,1
2026-06-24 19:08,ATOM/USDT,OPEN,SHORT,1.626,,,1
2026-06-24 21:07,BTC/USDT,OPEN,SHORT,60956.0,,,1
2026-06-24 21:07,ETH/USDT,OPEN,SHORT,1613.63,,,1
2026-06-24 21:07,BNB/USDT,OPEN,SHORT,563.2,,,1
2026-06-24 21:07,XRP/USDT,OPEN,SHORT,1.0748,,,1
2026-06-24 21:07,ADA/USDT,OPEN,SHORT,0.1452,,,1
2026-06-24 21:07,DOGE/USDT,OPEN,SHORT,0.07559,,,1
2026-06-24 21:07,LINK/USDT,OPEN,SHORT,7.396,,,1
2026-06-24 21:07,LTC/USDT,OPEN,SHORT,40.78,,,1
2026-06-24 23:57,NEAR/USDT,CLOSE,SHORT,1.887,1.956,-3.66,1
2026-06-25 02:41,ETH/USDT,CLOSE,SHORT,1613.63,1620.72,-0.44,1
2026-06-25 02:41,BCH/USDT,CLOSE,SHORT,182.3,190.6,-4.55,1
2026-06-25 06:39,BTC/USDT,CLOSE,SHORT,60956.0,61600.01,-1.06,1
2026-06-25 06:39,BNB/USDT,CLOSE,SHORT,563.2,570.19,-1.24,1
2026-06-25 06:39,SOL/USDT,CLOSE,SHORT,66.52,69.04,-3.79,1
2026-06-25 06:39,ADA/USDT,CLOSE,SHORT,0.1452,0.15,-3.31,1
2026-06-25 06:39,AVAX/USDT,OPEN,LONG,6.551,,,1
2026-06-25 06:39,DOT/USDT,CLOSE,SHORT,0.855,0.893,-4.44,1
2026-06-25 06:39,LINK/USDT,CLOSE,SHORT,7.396,7.514,-1.6,1
2026-06-25 06:39,TRX/USDT,OPEN,LONG,0.3298,,,1
2026-06-25 06:39,UNI/USDT,OPEN,LONG,2.974,,,1
2026-06-25 10:10,XRP/USDT,CLOSE,SHORT,1.0748,1.0814,-0.61,1
2026-06-25 10:10,DOGE/USDT,CLOSE,SHORT,0.07559,0.07697,-1.83,1
2026-06-25 10:10,AVAX/USDT,CLOSE,LONG,6.551,6.503,-0.73,1
2026-06-25 10:10,UNI/USDT,CLOSE,LONG,2.974,2.953,-0.71,1
2026-06-25 12:36,TRX/USDT,CLOSE,LONG,0.3298,0.3285,-0.39,1
2026-06-25 15:36,XRP/USDT,OPEN,SHORT,1.0334,,,1
2026-06-25 15:36,ADA/USDT,OPEN,SHORT,0.1428,,,1
2026-06-25 15:36,DOGE/USDT,OPEN,SHORT,0.07315,,,1
2026-06-25 18:02,BTC/USDT,OPEN,SHORT,59676.01,,,1
2026-06-25 18:02,BNB/USDT,OPEN,SHORT,559.63,,,1
2026-06-25 18:02,DOT/USDT,OPEN,SHORT,0.862,,,1
2026-06-25 18:02,NEAR/USDT,OPEN,SHORT,1.865,,,1
2026-06-25 20:28,LINK/USDT,OPEN,SHORT,7.18,,,1
2026-06-26 01:35,BNB/USDT,CLOSE,SHORT,559.63,560.8,-0.21,1
2026-06-26 01:35,DOGE/USDT,CLOSE,SHORT,0.07315,0.07469,-2.11,1
2026-06-26 06:00,ETH/USDT,OPEN,SHORT,1555.69,,,1
2026-06-26 09:31,BTC/USDT,CLOSE,SHORT,59676.01,60245.67,-0.95,1
2026-06-26 09:31,TRX/USDT,OPEN,SHORT,0.3226,,,1
2026-06-26 09:31,LTC/USDT,CLOSE,SHORT,40.78,41.56,-1.91,1
2026-06-26 09:31,ATOM/USDT,CLOSE,SHORT,1.626,1.61,0.98,1
2026-06-26 12:06,ADA/USDT,CLOSE,SHORT,0.1428,0.1433,-0.35,1
2026-06-26 12:06,LINK/USDT,CLOSE,SHORT,7.18,7.147,0.46,1
2026-06-26 15:08,TRX/USDT,CLOSE,SHORT,0.3226,0.3194,0.99,1
2026-06-26 17:13,SOL/USDT,OPEN,LONG,72.48,,,1
2026-06-26 17:13,AVAX/USDT,OPEN,LONG,6.383,,,1
2026-06-26 17:13,UNI/USDT,OPEN,LONG,2.968,,,1
2026-06-26 19:14,SOL/USDT,CLOSE,LONG,72.48,72.6,0.17,1
2026-06-26 19:14,XRP/USDT,CLOSE,SHORT,1.0334,1.0408,-0.72,1
2026-06-26 19:14,AVAX/USDT,CLOSE,LONG,6.383,6.401,0.28,1
2026-06-26 19:14,TRX/USDT,OPEN,SHORT,0.3202,,,1
2026-06-26 19:14,UNI/USDT,CLOSE,LONG,2.968,2.983,0.51,1
2026-06-26 21:02,ETH/USDT,CLOSE,SHORT,1555.69,1571.03,-0.99,1
2026-06-26 22:41,DOT/USDT,CLOSE,SHORT,0.862,0.851,1.28,1
2026-06-26 23:53,AVAX/USDT,OPEN,LONG,6.533,,,1
2026-06-27 02:03,AVAX/USDT,CLOSE,LONG,6.533,6.537,0.06,1
2026-06-27 02:03,ATOM/USDT,OPEN,SHORT,1.579,,,1
2026-06-27 06:06,ATOM/USDT,CLOSE,SHORT,1.579,1.594,-0.95,1
2026-06-27 06:06,NEAR/USDT,CLOSE,SHORT,1.865,1.812,2.84,1
2026-06-27 09:09,SOL/USDT,OPEN,LONG,72.03,,,1
2026-06-27 09:09,AVAX/USDT,OPEN,LONG,6.565,,,1
2026-06-27 09:09,LTC/USDT,OPEN,LONG,42.73,,,1
2026-06-27 11:09,LTC/USDT,CLOSE,LONG,42.73,42.73,0.0,1
2026-06-27 14:22,BTC/USDT,OPEN,LONG,60588.35,,,1
2026-06-27 14:22,ETH/USDT,OPEN,LONG,1592.3,,,1
2026-06-27 14:22,LTC/USDT,OPEN,LONG,43.07,,,1
2026-06-27 14:22,NEAR/USDT,OPEN,LONG,1.85,,,1
2026-06-27 15:46,BTC/USDT,CLOSE,LONG,60588.35,60611.5,0.04,1
2026-06-27 15:46,LTC/USDT,CLOSE,LONG,43.07,42.9,-0.39,1
2026-06-27 15:46,NEAR/USDT,CLOSE,LONG,1.85,1.881,1.68,1
2026-06-27 16:55,BTC/USDT,OPEN,LONG,60840.06,,,1
2026-06-27 16:55,ETH/USDT,CLOSE,LONG,1592.3,1605.68,0.84,1
2026-06-27 16:55,DOGE/USDT,OPEN,LONG,0.07625,,,1
2026-06-27 16:55,BCH/USDT,OPEN,LONG,199.6,,,1
2026-06-27 17:54,BTC/USDT,CLOSE,LONG,60840.06,60807.99,-0.05,1
2026-06-27 17:54,ETH/USDT,OPEN,SHORT,1606.97,,,1
2026-06-27 17:54,DOGE/USDT,CLOSE,LONG,0.07625,0.07625,0.0,1
2026-06-27 17:54,LINK/USDT,OPEN,SHORT,7.454,,,1
2026-06-27 17:54,BCH/USDT,CLOSE,LONG,199.6,198.9,-0.35,1
2026-06-27 17:54,UNI/USDT,OPEN,LONG,3.04,,,1
2026-06-27 19:02,ETH/USDT,CLOSE,SHORT,1606.97,1593.92,0.81,1
2026-06-27 19:02,BNB/USDT,OPEN,SHORT,562.24,,,1
2026-06-27 19:02,LINK/USDT,CLOSE,SHORT,7.454,7.387,0.9,1
2026-06-27 19:02,UNI/USDT,CLOSE,LONG,3.04,2.983,-1.87,1
2026-06-27 20:36,SOL/USDT,CLOSE,LONG,72.03,71.11,-1.28,1
2026-06-27 20:36,ADA/USDT,OPEN,SHORT,0.1453,,,1
2026-06-27 20:36,DOGE/USDT,OPEN,SHORT,0.07476,,,1
2026-06-27 20:36,AVAX/USDT,CLOSE,LONG,6.565,6.431,-2.04,1
2026-06-27 20:36,AVAX/USDT,OPEN,SHORT,6.431,,,1
2026-06-27 20:36,DOT/USDT,OPEN,SHORT,0.829,,,1
2026-06-27 20:36,TRX/USDT,CLOSE,SHORT,0.3202,0.3206,-0.12,1
2026-06-27 20:36,ATOM/USDT,OPEN,SHORT,1.571,,,1
2026-06-27 21:53,BNB/USDT,CLOSE,SHORT,562.24,559.73,0.45,1
2026-06-27 21:53,SOL/USDT,OPEN,LONG,71.3,,,1
2026-06-27 21:53,ADA/USDT,CLOSE,SHORT,0.1453,0.1456,-0.21,1
2026-06-27 21:53,DOGE/USDT,CLOSE,SHORT,0.07476,0.07478,-0.03,1
2026-06-27 21:53,AVAX/USDT,CLOSE,SHORT,6.431,6.432,-0.02,1
2026-06-27 21:53,DOT/USDT,CLOSE,SHORT,0.829,0.83,-0.12,1
2026-06-27 21:53,ATOM/USDT,CLOSE,SHORT,1.571,1.572,-0.06,1
2026-06-27 22:53,BNB/USDT,OPEN,SHORT,557.41,,,1
2026-06-27 22:53,SOL/USDT,CLOSE,LONG,71.3,70.98,-0.45,1
2026-06-27 22:53,DOT/USDT,OPEN,SHORT,0.821,,,1
2026-06-27 23:52,BNB/USDT,CLOSE,SHORT,557.41,559.0,-0.29,1
2026-06-28 02:13,DOT/USDT,CLOSE,SHORT,0.821,0.81,1.34,1
2026-06-28 06:41,ADA/USDT,OPEN,SHORT,0.1445,,,1
2026-06-28 06:41,DOGE/USDT,OPEN,SHORT,0.07386,,,2
2026-06-28 06:41,DOT/USDT,OPEN,SHORT,0.812,,,1
2026-06-28 11:40,TRX/USDT,OPEN,LONG,0.3229,,,1
2026-06-28 11:40,NEAR/USDT,OPEN,SHORT,1.859,,,1
2026-06-28 13:12,NEAR/USDT,CLOSE,SHORT,1.859,1.864,-0.27,1
2026-06-28 15:00,ADA/USDT,CLOSE,SHORT,0.1445,0.1446,-0.07,1
2026-06-28 15:00,TRX/USDT,CLOSE,LONG,0.3229,0.3235,0.19,1
2026-06-28 17:42,BTC/USDT,OPEN,SHORT,59690.62,,,1
2026-06-28 17:42,BNB/USDT,OPEN,SHORT,552.42,,,1
2026-06-28 17:42,BCH/USDT,OPEN,SHORT,191.1,,,1
2026-06-28 19:00,BTC/USDT,CLOSE,SHORT,59690.62,59614.46,0.13,1
2026-06-28 19:00,BNB/USDT,CLOSE,SHORT,552.42,553.86,-0.26,1
2026-06-28 19:00,BCH/USDT,CLOSE,SHORT,191.1,190.9,0.1,1
2026-06-28 20:15,BNB/USDT,OPEN,SHORT,548.45,,,1
2026-06-28 20:15,ADA/USDT,OPEN,SHORT,0.1429,,,1
2026-06-28 21:35,AVAX/USDT,OPEN,LONG,6.406,,,1
2026-06-28 22:53,AVAX/USDT,CLOSE,LONG,6.406,6.327,-1.23,1
2026-06-28 22:53,LINK/USDT,OPEN,SHORT,7.194,,,1
2026-06-28 23:59,BTC/USDT,OPEN,SHORT,59067.01,,,1
2026-06-28 23:59,XRP/USDT,OPEN,SHORT,1.0382,,,1
2026-06-28 23:59,LINK/USDT,CLOSE,SHORT,7.194,7.196,-0.03,1
2026-06-28 23:59,TRX/USDT,OPEN,SHORT,0.3221,,,1
2026-06-28 23:59,BCH/USDT,OPEN,SHORT,189.0,,,1
2026-06-29 03:42,ETH/USDT,OPEN,SHORT,1576.6,,,1
2026-06-29 03:42,XRP/USDT,CLOSE,SHORT,1.0382,1.0464,-0.79,1
2026-06-29 03:42,TRX/USDT,CLOSE,SHORT,0.3221,0.3219,0.06,1
2026-06-29 08:49,BTC/USDT,CLOSE,SHORT,59067.01,60026.0,-1.62,1
2026-06-29 08:49,ETH/USDT,CLOSE,SHORT,1576.6,1580.16,-0.23,1
2026-06-29 08:49,ADA/USDT,CLOSE,SHORT,0.1429,0.1451,-1.54,1
2026-06-29 08:49,AVAX/USDT,OPEN,LONG,6.55,,,1
2026-06-29 08:49,DOT/USDT,CLOSE,SHORT,0.812,0.817,-0.62,1
2026-06-29 08:49,BCH/USDT,CLOSE,SHORT,189.0,196.8,-4.13,1
2026-06-29 12:56,BTC/USDT,OPEN,SHORT,59956.05,,,1
2026-06-29 12:56,ETH/USDT,OPEN,SHORT,1574.93,,,1
2026-06-29 16:34,ETH/USDT,CLOSE,SHORT,1574.93,1580.26,-0.34,1
2026-06-29 18:57,BTC/USDT,CLOSE,SHORT,59956.05,60413.99,-0.76,1
2026-06-29 18:57,ETH/USDT,OPEN,LONG,1628.03,,,1
2026-06-29 18:57,BNB/USDT,CLOSE,SHORT,548.45,561.12,-2.31,1
2026-06-29 18:57,BNB/USDT,OPEN,LONG,561.12,,,1
2026-06-29 18:57,SOL/USDT,OPEN,LONG,75.31,,,1
2026-06-29 18:57,XRP/USDT,OPEN,SHORT,1.0657,,,1
2026-06-29 18:57,DOGE/USDT,CLOSE,SHORT,0.07386,0.07391,-0.07,2
2026-06-29 18:57,DOGE/USDT,OPEN,LONG,0.07391,,,1
2026-06-29 18:57,DOT/USDT,OPEN,LONG,0.835,,,1
2026-06-29 18:57,BCH/USDT,OPEN,LONG,201.2,,,1
2026-06-29 20:51,ETH/USDT,CLOSE,LONG,1628.03,1625.6,-0.15,1
2026-06-29 20:51,BNB/USDT,CLOSE,LONG,561.12,561.78,0.12,1
2026-06-29 20:51,BNB/USDT,OPEN,SHORT,561.78,,,1
2026-06-29 20:51,SOL/USDT,CLOSE,LONG,75.31,75.98,0.89,1
2026-06-29 20:51,XRP/USDT,CLOSE,SHORT,1.0657,1.0753,-0.9,1
2026-06-29 20:51,ADA/USDT,OPEN,SHORT,0.1477,,,1
2026-06-29 20:51,DOGE/USDT,CLOSE,LONG,0.07391,0.07391,0.0,1
2026-06-29 20:51,DOT/USDT,CLOSE,LONG,0.835,0.832,-0.36,1
2026-06-29 20:51,LINK/USDT,OPEN,SHORT,7.473,,,1
2026-06-29 20:51,LTC/USDT,OPEN,LONG,43.41,,,1
2026-06-29 22:03,BNB/USDT,CLOSE,SHORT,561.78,561.2,0.1,1
2026-06-29 22:03,SOL/USDT,OPEN,LONG,75.53,,,1
2026-06-29 22:03,ADA/USDT,CLOSE,SHORT,0.1477,0.1473,0.27,1
2026-06-29 22:03,LINK/USDT,CLOSE,SHORT,7.473,7.454,0.25,1
2026-06-29 22:03,LTC/USDT,CLOSE,LONG,43.41,43.37,-0.09,1
2026-06-29 22:03,BCH/USDT,CLOSE,LONG,201.2,202.0,0.4,1
2026-06-30 02:08,TRX/USDT,OPEN,SHORT,0.3195,,,1
2026-06-30 06:37,SOL/USDT,CLOSE,LONG,75.53,74.23,-1.72,1
2026-06-30 10:24,AVAX/USDT,CLOSE,LONG,6.55,6.634,1.28,1
2026-06-30 10:24,ATOM/USDT,OPEN,SHORT,1.515,,,1
2026-06-30 12:27,BTC/USDT,OPEN,SHORT,59192.7,,,1
2026-06-30 12:27,BNB/USDT,OPEN,SHORT,547.7,,,1
2026-06-30 12:27,XRP/USDT,OPEN,SHORT,1.0389,,,1
2026-06-30 12:27,DOGE/USDT,OPEN,SHORT,0.07143,,,1
2026-06-30 12:27,TRX/USDT,CLOSE,SHORT,0.3195,0.3175,0.63,1
2026-06-30 12:27,UNI/USDT,OPEN,SHORT,2.799,,,1
2026-06-30 15:08,XRP/USDT,CLOSE,SHORT,1.0389,1.0346,0.41,1
2026-06-30 15:08,LTC/USDT,OPEN,SHORT,41.74,,,1
2026-06-30 15:08,ATOM/USDT,CLOSE,SHORT,1.515,1.525,-0.66,1
2026-06-30 15:08,UNI/USDT,CLOSE,SHORT,2.799,2.761,1.36,1
2026-06-30 17:21,LINK/USDT,OPEN,SHORT,7.188,,,1
2026-06-30 17:21,TRX/USDT,OPEN,SHORT,0.3152,,,1
2026-06-30 17:21,LTC/USDT,CLOSE,SHORT,41.74,41.86,-0.29,1
2026-06-30 19:14,TRX/USDT,CLOSE,SHORT,0.3152,0.3153,-0.03,1
2026-06-30 19:14,UNI/USDT,OPEN,SHORT,2.786,,,1
2026-06-30 21:12,DOGE/USDT,CLOSE,SHORT,0.07143,0.07205,-0.87,1
2026-06-30 21:12,LTC/USDT,OPEN,SHORT,41.73,,,1
2026-06-30 22:47,LTC/USDT,CLOSE,SHORT,41.73,41.92,-0.46,1
2026-07-01 02:51,ETH/USDT,OPEN,SHORT,1577.91,,,1
2026-07-01 02:51,LTC/USDT,OPEN,SHORT,42.14,,,1
2026-07-01 07:03,ETH/USDT,CLOSE,SHORT,1577.91,1575.99,0.12,1
2026-07-01 07:03,LINK/USDT,CLOSE,SHORT,7.188,7.203,-0.21,1
2026-07-01 07:03,TRX/USDT,OPEN,SHORT,0.3166,,,1
2026-07-01 07:03,LTC/USDT,CLOSE,SHORT,42.14,42.4,-0.62,1
2026-07-01 07:03,UNI/USDT,CLOSE,SHORT,2.786,2.797,-0.39,1
2026-07-01 10:52,UNI/USDT,OPEN,SHORT,2.759,,,1
2026-07-01 13:31,ETH/USDT,OPEN,SHORT,1570.24,,,1
2026-07-01 13:31,DOGE/USDT,OPEN,SHORT,0.07144,,,1
2026-07-01 13:31,LTC/USDT,OPEN,SHORT,41.28,,,1
2026-07-01 16:15,BTC/USDT,CLOSE,SHORT,59192.7,60147.15,-1.61,1
2026-07-01 16:15,ETH/USDT,CLOSE,SHORT,1570.24,1620.09,-3.17,1
2026-07-01 16:15,ETH/USDT,OPEN,LONG,1620.09,,,1
2026-07-01 16:15,BNB/USDT,CLOSE,SHORT,547.7,554.36,-1.22,1
2026-07-01 16:15,BNB/USDT,OPEN,LONG,554.36,,,1
2026-07-01 16:15,SOL/USDT,OPEN,LONG,77.43,,,1
2026-07-01 16:15,DOGE/USDT,CLOSE,SHORT,0.07144,0.07337,-2.7,1
2026-07-01 16:15,DOGE/USDT,OPEN,LONG,0.07337,,,1
2026-07-01 16:15,AVAX/USDT,OPEN,LONG,6.73,,,1
2026-07-01 16:15,DOT/USDT,OPEN,SHORT,0.846,,,1
2026-07-01 16:15,LINK/USDT,OPEN,LONG,7.415,,,1
2026-07-01 16:15,LTC/USDT,CLOSE,SHORT,41.28,42.52,-3.0,1
2026-07-01 16:15,BCH/USDT,OPEN,LONG,214.9,,,1
2026-07-01 16:15,UNI/USDT,CLOSE,SHORT,2.759,2.804,-1.63,1
2026-07-01 18:22,BTC/USDT,OPEN,SHORT,60190.6,,,1
2026-07-01 18:22,ETH/USDT,CLOSE,LONG,1620.09,1622.72,0.16,1
2026-07-01 18:22,BNB/USDT,CLOSE,LONG,554.36,554.25,-0.02,1
2026-07-01 18:22,SOL/USDT,CLOSE,LONG,77.43,77.77,0.44,1
2026-07-01 18:22,DOGE/USDT,CLOSE,LONG,0.07337,0.07348,0.15,1
2026-07-01 18:22,AVAX/USDT,CLOSE,LONG,6.73,6.744,0.21,1
2026-07-01 18:22,DOT/USDT,CLOSE,SHORT,0.846,0.839,0.83,1
2026-07-01 18:22,LINK/USDT,CLOSE,LONG,7.415,7.402,-0.18,1
2026-07-01 18:22,TRX/USDT,CLOSE,SHORT,0.3166,0.3184,-0.57,1
2026-07-01 18:22,BCH/USDT,CLOSE,LONG,214.9,212.9,-0.93,1
2026-07-01 18:22,ATOM/USDT,OPEN,SHORT,1.554,,,1
2026-07-01 20:21,BTC/USDT,CLOSE,SHORT,60190.6,60028.67,0.27,1
2026-07-01 20:21,TRX/USDT,OPEN,SHORT,0.3174,,,1
2026-07-01 20:21,BCH/USDT,OPEN,LONG,212.5,,,1
2026-07-01 20:21,ATOM/USDT,CLOSE,SHORT,1.554,1.545,0.58,1
2026-07-01 23:03,ADA/USDT,OPEN,LONG,0.1559,,,1
2026-07-02 05:31,TRX/USDT,CLOSE,SHORT,0.3174,0.3165,0.28,1
2026-07-02 08:40,SOL/USDT,OPEN,LONG,77.99,,,1
2026-07-02 11:25,LINK/USDT,OPEN,LONG,7.635,,,1
2026-07-02 13:14,BTC/USDT,OPEN,LONG,61542.53,,,1
2026-07-02 13:14,ETH/USDT,OPEN,LONG,1662.82,,,1
2026-07-02 13:14,BNB/USDT,OPEN,LONG,563.05,,,1
2026-07-02 13:14,SOL/USDT,CLOSE,LONG,77.99,81.41,4.39,1
2026-07-02 13:14,XRP/USDT,OPEN,LONG,1.0929,,,1
2026-07-02 13:14,ADA/USDT,CLOSE,LONG,0.1559,0.1603,2.82,1
2026-07-02 13:14,AVAX/USDT,OPEN,LONG,6.819,,,1
2026-07-02 13:14,UNI/USDT,OPEN,LONG,3.156,,,1
2026-07-02 15:38,BTC/USDT,CLOSE,LONG,61542.53,61696.61,0.25,1
2026-07-02 15:38,ETH/USDT,CLOSE,LONG,1662.82,1701.55,2.33,1
2026-07-02 15:38,BNB/USDT,CLOSE,LONG,563.05,561.99,-0.19,1
2026-07-02 15:38,SOL/USDT,OPEN,LONG,80.54,,,1
2026-07-02 15:38,XRP/USDT,CLOSE,LONG,1.0929,1.0921,-0.07,1
2026-07-02 15:38,ADA/USDT,OPEN,LONG,0.16,,,1
2026-07-02 15:38,AVAX/USDT,CLOSE,LONG,6.819,6.768,-0.75,1
2026-07-02 15:38,LINK/USDT,CLOSE,LONG,7.635,7.801,2.17,1
2026-07-02 15:38,UNI/USDT,CLOSE,LONG,3.156,3.178,0.7,1
2026-07-02 17:25,LINK/USDT,OPEN,LONG,7.774,,,1
2026-07-02 17:25,UNI/USDT,OPEN,LONG,3.258,,,1
2026-07-02 18:55,UNI/USDT,CLOSE,LONG,3.258,3.242,-0.49,1
2026-07-02 20:14,TRX/USDT,OPEN,SHORT,0.3175,,,1
2026-07-02 21:41,TRX/USDT,CLOSE,SHORT,0.3175,0.3178,-0.09,1
2026-07-02 22:56,ETH/USDT,OPEN,LONG,1700.23,,,1
2026-07-02 23:55,XRP/USDT,OPEN,LONG,1.0839,,,1
2026-07-02 23:55,UNI/USDT,OPEN,LONG,3.169,,,1
2026-07-03 01:49,BTC/USDT,OPEN,LONG,61308.75,,,1
2026-07-03 05:42,NEAR/USDT,OPEN,LONG,1.943,,,1
2026-07-03 08:46,AVAX/USDT,OPEN,LONG,6.838,,,1
2026-07-03 08:46,TRX/USDT,OPEN,SHORT,0.3192,,,1
2026-07-03 11:24,ADA/USDT,CLOSE,LONG,0.16,0.1682,5.12,1
2026-07-03 11:24,TRX/USDT,CLOSE,SHORT,0.3192,0.3202,-0.31,1
2026-07-03 11:24,TRX/USDT,OPEN,LONG,0.3202,,,1
2026-07-03 13:19,ETH/USDT,CLOSE,LONG,1700.23,1736.44,2.13,1
2026-07-03 13:19,TRX/USDT,CLOSE,LONG,0.3202,0.3206,0.12,1
2026-07-03 13:19,UNI/USDT,CLOSE,LONG,3.169,3.277,3.41,1
2026-07-03 15:32,ETH/USDT,OPEN,LONG,1737.14,,,1
2026-07-03 15:32,DOGE/USDT,OPEN,LONG,0.07675,,,1
2026-07-03 15:32,NEAR/USDT,CLOSE,LONG,1.943,2.077,6.9,1
2026-07-03 17:11,ADA/USDT,OPEN,LONG,0.1743,,,1
2026-07-03 17:11,DOGE/USDT,CLOSE,LONG,0.07675,0.07645,-0.39,1
2026-07-03 17:11,DOT/USDT,OPEN,LONG,0.881,,,1
2026-07-03 17:11,NEAR/USDT,OPEN,LONG,2.024,,,1
2026-07-03 17:11,UNI/USDT,OPEN,LONG,3.276,,,1
2026-07-03 18:44,XRP/USDT,CLOSE,LONG,1.0839,1.1235,3.65,1
2026-07-03 18:44,LTC/USDT,OPEN,LONG,44.07,,,1
2026-07-03 20:09,BNB/USDT,OPEN,LONG,569.69,,,1
2026-07-03 20:09,XRP/USDT,OPEN,LONG,1.1319,,,1
2026-07-03 20:09,DOT/USDT,CLOSE,LONG,0.881,0.883,0.23,1
2026-07-03 21:38,XRP/USDT,CLOSE,LONG,1.1319,1.1395,0.67,1
2026-07-03 21:38,ADA/USDT,CLOSE,LONG,0.1743,0.1829,4.93,1
2026-07-03 21:38,DOGE/USDT,OPEN,LONG,0.07801,,,1
2026-07-03 21:38,TRX/USDT,OPEN,LONG,0.3221,,,1
2026-07-03 22:53,BTC/USDT,CLOSE,LONG,61308.75,62732.0,2.32,1
2026-07-03 22:53,ETH/USDT,CLOSE,LONG,1737.14,1763.46,1.52,1
2026-07-03 22:53,BNB/USDT,CLOSE,LONG,569.69,573.94,0.75,1
2026-07-03 22:53,DOGE/USDT,CLOSE,LONG,0.07801,0.07816,0.19,1
2026-07-03 22:53,AVAX/USDT,CLOSE,LONG,6.838,7.002,2.4,1
2026-07-03 22:53,LINK/USDT,CLOSE,LONG,7.774,7.985,2.71,1
2026-07-03 22:53,LTC/USDT,CLOSE,LONG,44.07,45.28,2.75,1
2026-07-03 23:55,BTC/USDT,OPEN,LONG,62578.0,,,1
2026-07-03 23:55,ETH/USDT,OPEN,LONG,1757.52,,,1
2026-07-03 23:55,XRP/USDT,OPEN,LONG,1.1302,,,1
2026-07-03 23:55,AVAX/USDT,OPEN,LONG,6.946,,,1
2026-07-03 23:55,DOT/USDT,OPEN,LONG,0.883,,,1
2026-07-03 23:55,LINK/USDT,OPEN,LONG,7.951,,,1
2026-07-03 23:55,TRX/USDT,CLOSE,LONG,0.3221,0.3229,0.25,1
2026-07-04 01:49,XRP/USDT,CLOSE,LONG,1.1302,1.1417,1.02,1
2026-07-04 01:49,ADA/USDT,OPEN,LONG,0.1793,,,1
2026-07-04 01:49,DOGE/USDT,OPEN,LONG,0.07736,,,1
2026-07-04 01:49,TRX/USDT,OPEN,LONG,0.3243,,,1
2026-07-04 01:49,LTC/USDT,OPEN,LONG,44.67,,,1
2026-07-04 05:36,BNB/USDT,OPEN,LONG,573.18,,,1
2026-07-04 05:36,XRP/USDT,OPEN,LONG,1.148,,,1
2026-07-04 05:36,TRX/USDT,CLOSE,LONG,0.3243,0.3236,-0.22,1
2026-07-04 08:21,NEAR/USDT,CLOSE,LONG,2.024,1.979,-2.22,1
2026-07-04 10:31,AVAX/USDT,CLOSE,LONG,6.946,6.824,-1.76,1
2026-07-04 10:31,TRX/USDT,OPEN,LONG,0.3245,,,1
2026-07-04 10:31,LTC/USDT,CLOSE,LONG,44.67,44.29,-0.85,1
2026-07-04 10:31,BCH/USDT,CLOSE,LONG,212.5,224.7,5.74,1
2026-07-04 10:31,NEAR/USDT,OPEN,SHORT,1.965,,,1
2026-07-04 12:01,BCH/USDT,OPEN,LONG,226.0,,,1
2026-07-04 12:01,NEAR/USDT,CLOSE,SHORT,1.965,1.968,-0.15,1
2026-07-04 12:01,UNI/USDT,CLOSE,LONG,3.276,3.19,-2.63,1
2026-07-04 14:06,DOT/USDT,CLOSE,LONG,0.883,0.87,-1.47,1
2026-07-04 14:06,TRX/USDT,CLOSE,LONG,0.3245,0.3258,0.4,1
2026-07-04 16:51,XRP/USDT,CLOSE,LONG,1.148,1.1724,2.13,1
2026-07-04 16:51,UNI/USDT,OPEN,LONG,3.26,,,1
2026-07-04 17:55,ETH/USDT,CLOSE,LONG,1757.52,1786.81,1.67,1
2026-07-04 17:55,LINK/USDT,CLOSE,LONG,7.951,8.087,1.71,1
2026-07-04 17:55,LTC/USDT,OPEN,LONG,45.37,,,1
2026-07-04 18:54,XRP/USDT,OPEN,LONG,1.1814,,,1
2026-07-04 18:54,AVAX/USDT,OPEN,LONG,7.088,,,1
2026-07-04 18:54,DOT/USDT,OPEN,LONG,0.896,,,1
2026-07-04 18:54,LINK/USDT,OPEN,LONG,8.139,,,1
2026-07-04 20:04,BTC/USDT,CLOSE,LONG,62578.0,63294.72,1.15,1
2026-07-04 21:25,BTC/USDT,OPEN,LONG,63233.78,,,1
2026-07-04 21:25,ETH/USDT,OPEN,LONG,1787.15,,,1
2026-07-04 22:25,SOL/USDT,CLOSE,LONG,80.54,82.0,1.81,1
2026-07-04 23:28,TRX/USDT,OPEN,LONG,0.3257,,,1
2026-07-04 23:28,BCH/USDT,CLOSE,LONG,226.0,234.8,3.89,1
2026-07-05 01:14,SOL/USDT,OPEN,SHORT,81.3,,,1
2026-07-05 01:14,DOT/USDT,CLOSE,LONG,0.896,0.88,-1.79,1
2026-07-05 01:14,LTC/USDT,CLOSE,LONG,45.37,44.41,-2.12,1
2026-07-05 05:27,SOL/USDT,CLOSE,SHORT,81.3,80.6,0.86,1
2026-07-05 05:27,DOGE/USDT,CLOSE,LONG,0.07736,0.07609,-1.64,1
2026-07-05 05:27,LINK/USDT,CLOSE,LONG,8.139,7.902,-2.91,1
2026-07-05 05:27,ATOM/USDT,OPEN,SHORT,1.561,,,1
2026-07-05 05:27,UNI/USDT,CLOSE,LONG,3.26,3.186,-2.27,1
2026-07-05 08:24,AVAX/USDT,CLOSE,LONG,7.088,6.818,-3.81,1
2026-07-05 08:24,LINK/USDT,OPEN,LONG,7.925,,,1
2026-07-05 10:34,XRP/USDT,CLOSE,LONG,1.1814,1.1278,-4.54,1
2026-07-05 10:34,XRP/USDT,OPEN,SHORT,1.1278,,,1
2026-07-05 10:34,DOGE/USDT,OPEN,SHORT,0.07557,,,1
2026-07-05 10:34,LINK/USDT,CLOSE,LONG,7.925,7.864,-0.77,1
2026-07-05 10:34,BCH/USDT,OPEN,LONG,236.8,,,1
2026-07-05 10:34,NEAR/USDT,OPEN,SHORT,1.931,,,1
2026-07-05 10:34,UNI/USDT,OPEN,SHORT,3.156,,,1
2026-07-05 12:08,XRP/USDT,CLOSE,SHORT,1.1278,1.132,-0.37,1
2026-07-05 12:08,DOGE/USDT,CLOSE,SHORT,0.07557,0.07592,-0.46,1
2026-07-05 12:08,NEAR/USDT,CLOSE,SHORT,1.931,1.947,-0.83,1
2026-07-05 12:08,UNI/USDT,CLOSE,SHORT,3.156,3.128,0.89,1
2026-07-05 14:14,BTC/USDT,CLOSE,LONG,63233.78,62792.0,-0.7,1
2026-07-05 14:14,XRP/USDT,OPEN,LONG,1.1355,,,1
2026-07-05 14:14,DOGE/USDT,OPEN,LONG,0.07662,,,1
2026-07-05 14:14,TRX/USDT,CLOSE,LONG,0.3257,0.3285,0.86,1
2026-07-05 15:43,BNB/USDT,CLOSE,LONG,573.18,587.29,2.46,1
2026-07-05 16:53,LTC/USDT,OPEN,LONG,45.45,,,1
2026-07-05 17:55,BNB/USDT,OPEN,LONG,585.76,,,1
2026-07-05 17:55,XRP/USDT,CLOSE,LONG,1.1355,1.1349,-0.05,1
2026-07-05 17:55,TRX/USDT,OPEN,LONG,0.3284,,,1
2026-07-05 17:55,LTC/USDT,CLOSE,LONG,45.45,45.09,-0.79,1
2026-07-05 18:59,DOGE/USDT,CLOSE,LONG,0.07662,0.0773,0.89,1
2026-07-05 21:32,LTC/USDT,OPEN,LONG,45.53,,,1
2026-07-05 21:32,ATOM/USDT,CLOSE,SHORT,1.561,1.575,-0.9,1
2026-07-05 21:32,NEAR/USDT,OPEN,LONG,2.009,,,1
2026-07-05 22:49,SOL/USDT,OPEN,LONG,81.8,,,1
2026-07-05 22:49,DOGE/USDT,OPEN,LONG,0.07793,,,1
2026-07-05 22:49,LINK/USDT,OPEN,LONG,8.051,,,1
2026-07-05 22:49,ATOM/USDT,OPEN,LONG,1.586,,,1
2026-07-05 23:56,BTC/USDT,OPEN,LONG,63736.0,,,1
2026-07-05 23:56,BNB/USDT,CLOSE,LONG,585.76,591.55,0.99,1
2026-07-05 23:56,SOL/USDT,CLOSE,LONG,81.8,81.82,0.02,1
2026-07-05 23:56,XRP/USDT,OPEN,LONG,1.158,,,1
2026-07-05 23:56,NEAR/USDT,CLOSE,LONG,2.009,2.029,1.0,1
2026-07-06 02:01,BNB/USDT,OPEN,LONG,588.53,,,1
2026-07-06 02:01,XRP/USDT,CLOSE,LONG,1.158,1.1527,-0.46,1
2026-07-06 02:01,ADA/USDT,CLOSE,LONG,0.1793,0.1894,5.63,1
2026-07-06 02:01,TRX/USDT,CLOSE,LONG,0.3284,0.33,0.49,1
2026-07-06 02:01,ATOM/USDT,CLOSE,LONG,1.586,1.587,0.06,1
2026-07-06 06:50,BTC/USDT,CLOSE,LONG,63736.0,63114.0,-0.98,1
2026-07-06 06:50,DOGE/USDT,CLOSE,LONG,0.07793,0.07663,-1.67,1
2026-07-06 06:50,DOT/USDT,OPEN,LONG,0.864,,,1
2026-07-06 06:50,LINK/USDT,CLOSE,LONG,8.051,7.94,-1.38,1
2026-07-06 06:50,TRX/USDT,OPEN,LONG,0.3294,,,1
2026-07-06 06:50,LTC/USDT,CLOSE,LONG,45.53,44.97,-1.23,1
2026-07-06 11:21,ETH/USDT,CLOSE,LONG,1787.15,1771.09,-0.9,1
2026-07-06 11:21,DOT/USDT,CLOSE,LONG,0.864,0.869,0.58,1
2026-07-06 14:41,BNB/USDT,CLOSE,LONG,588.53,573.04,-2.63,1
2026-07-06 14:41,XRP/USDT,OPEN,LONG,1.116,,,1
2026-07-06 14:41,ADA/USDT,OPEN,LONG,0.1798,,,1
2026-07-06 14:41,BCH/USDT,CLOSE,LONG,236.8,236.0,-0.34,1
2026-07-06 17:34,XRP/USDT,CLOSE,LONG,1.116,1.1534,3.35,1
2026-07-06 17:34,ADA/USDT,CLOSE,LONG,0.1798,0.1848,2.78,1
2026-07-06 17:34,TRX/USDT,CLOSE,LONG,0.3294,0.3272,-0.67,1
2026-07-06 17:34,BCH/USDT,OPEN,LONG,241.5,,,1
2026-07-06 22:44,BTC/USDT,OPEN,LONG,64489.98,,,1
2026-07-06 22:44,ETH/USDT,OPEN,LONG,1814.88,,,1
2026-07-06 22:44,SOL/USDT,OPEN,LONG,82.82,,,1
2026-07-06 22:44,AVAX/USDT,OPEN,LONG,7.01,,,1
2026-07-06 22:44,ATOM/USDT,OPEN,LONG,1.624,,,1
2026-07-06 22:44,NEAR/USDT,OPEN,LONG,2.083,,,1
2026-07-06 23:57,BTC/USDT,CLOSE,LONG,64489.98,64244.0,-0.38,1
2026-07-06 23:57,ETH/USDT,CLOSE,LONG,1814.88,1806.3,-0.47,1
2026-07-06 23:57,SOL/USDT,CLOSE,LONG,82.82,82.32,-0.6,1
2026-07-06 23:57,AVAX/USDT,CLOSE,LONG,7.01,6.998,-0.17,1
2026-07-06 23:57,ATOM/USDT,CLOSE,LONG,1.624,1.606,-1.11,1
2026-07-07 06:28,BCH/USDT,CLOSE,LONG,241.5,239.9,-0.66,1
2026-07-07 06:28,NEAR/USDT,CLOSE,LONG,2.083,2.005,-3.74,1
2026-07-07 12:41,ADA/USDT,OPEN,LONG,0.1774,,,1
2026-07-07 12:41,TRX/USDT,OPEN,LONG,0.3311,,,1
2026-07-07 15:39,ADA/USDT,CLOSE,LONG,0.1774,0.177,-0.23,1
2026-07-07 19:38,ADA/USDT,OPEN,LONG,0.1756,,,1
2026-07-07 21:13,ADA/USDT,CLOSE,LONG,0.1756,0.176,0.23,1
2026-07-07 22:35,ATOM/USDT,OPEN,SHORT,1.573,,,1
2026-07-07 23:45,ADA/USDT,OPEN,LONG,0.1747,,,1
2026-07-07 23:45,ATOM/USDT,CLOSE,SHORT,1.573,1.574,-0.06,1
2026-07-08 01:26,ADA/USDT,CLOSE,LONG,0.1747,0.1759,0.69,1
2026-07-08 04:41,DOGE/USDT,OPEN,SHORT,0.07261,,,1
2026-07-08 04:41,LTC/USDT,OPEN,SHORT,43.46,,,1
2026-07-08 07:22,BNB/USDT,OPEN,SHORT,566.56,,,1
2026-07-08 07:22,ADA/USDT,OPEN,SHORT,0.169,,,1
2026-07-08 07:22,DOT/USDT,OPEN,SHORT,0.835,,,1
2026-07-08 07:22,TRX/USDT,CLOSE,LONG,0.3311,0.3291,-0.6,1
2026-07-08 07:22,TRX/USDT,OPEN,SHORT,0.3291,,,1
2026-07-08 07:22,LTC/USDT,CLOSE,SHORT,43.46,43.58,-0.28,1
2026-07-08 09:43,BTC/USDT,OPEN,SHORT,62018.36,,,1
2026-07-08 09:43,SOL/USDT,OPEN,SHORT,77.25,,,1
2026-07-08 09:43,XRP/USDT,OPEN,SHORT,1.0802,,,1
2026-07-08 09:43,LINK/USDT,OPEN,SHORT,7.58,,,1
2026-07-08 09:43,TRX/USDT,CLOSE,SHORT,0.3291,0.3278,0.4,1
2026-07-08 09:43,ATOM/USDT,OPEN,SHORT,1.546,,,1
2026-07-08 09:43,NEAR/USDT,OPEN,SHORT,1.877,,,1
2026-07-08 11:41,BTC/USDT,CLOSE,SHORT,62018.36,62183.12,-0.27,1
2026-07-08 11:41,BNB/USDT,CLOSE,SHORT,566.56,562.83,0.66,1
2026-07-08 11:41,SOL/USDT,CLOSE,SHORT,77.25,77.33,-0.1,1
2026-07-08 11:41,XRP/USDT,CLOSE,SHORT,1.0802,1.0836,-0.31,1
2026-07-08 11:41,ADA/USDT,CLOSE,SHORT,0.169,0.1671,1.12,1
2026-07-08 11:41,AVAX/USDT,OPEN,SHORT,6.421,,,1
2026-07-08 11:41,LINK/USDT,CLOSE,SHORT,7.58,7.61,-0.4,1
2026-07-08 11:41,TRX/USDT,OPEN,LONG,0.3277,,,1
2026-07-08 11:41,BCH/USDT,OPEN,LONG,232.9,,,1
2026-07-08 11:41,ATOM/USDT,CLOSE,SHORT,1.546,1.541,0.32,1
2026-07-08 11:41,NEAR/USDT,CLOSE,SHORT,1.877,1.873,0.21,1
2026-07-08 15:40,ETH/USDT,OPEN,LONG,1729.62,,,1
2026-07-08 15:40,TRX/USDT,CLOSE,LONG,0.3277,0.3289,0.37,1
2026-07-08 15:40,BCH/USDT,CLOSE,LONG,232.9,233.2,0.13,1
2026-07-08 15:40,NEAR/USDT,OPEN,SHORT,1.871,,,1
2026-07-08 17:17,ETH/USDT,CLOSE,LONG,1729.62,1736.38,0.39,1
2026-07-08 17:17,XRP/USDT,OPEN,SHORT,1.0843,,,1
2026-07-08 17:17,TRX/USDT,OPEN,LONG,0.3294,,,1
2026-07-08 18:52,TRX/USDT,CLOSE,LONG,0.3294,0.3296,0.06,1
2026-07-08 22:54,LINK/USDT,OPEN,SHORT,7.632,,,1
2026-07-09 02:48,XRP/USDT,CLOSE,SHORT,1.0843,1.0834,0.08,1
2026-07-09 06:33,BNB/USDT,OPEN,LONG,573.67,,,1
2026-07-09 06:33,SOL/USDT,OPEN,SHORT,78.4,,,1
2026-07-09 06:33,XRP/USDT,OPEN,LONG,1.0992,,,1
2026-07-09 06:33,ADA/USDT,OPEN,SHORT,0.1686,,,1
2026-07-09 06:33,DOGE/USDT,CLOSE,SHORT,0.07261,0.07278,-0.23,1
2026-07-09 06:33,AVAX/USDT,CLOSE,SHORT,6.421,6.602,-2.82,1
2026-07-09 06:33,AVAX/USDT,OPEN,LONG,6.602,,,1
2026-07-09 06:33,DOT/USDT,CLOSE,SHORT,0.835,0.837,-0.24,1
2026-07-09 06:33,LINK/USDT,CLOSE,SHORT,7.632,7.725,-1.22,1
2026-07-09 06:33,LINK/USDT,OPEN,LONG,7.725,,,1
2026-07-09 06:33,TRX/USDT,OPEN,LONG,0.3312,,,1
2026-07-09 06:33,LTC/USDT,OPEN,LONG,44.18,,,1
2026-07-09 06:33,BCH/USDT,OPEN,LONG,237.5,,,1
2026-07-09 06:33,NEAR/USDT,CLOSE,SHORT,1.871,1.931,-3.21,1
2026-07-09 10:28,BTC/USDT,OPEN,LONG,62953.4,,,1
2026-07-09 10:28,XRP/USDT,CLOSE,LONG,1.0992,1.0944,-0.44,1
2026-07-09 10:28,AVAX/USDT,CLOSE,LONG,6.602,6.727,1.89,1
2026-07-09 10:28,LINK/USDT,CLOSE,LONG,7.725,7.746,0.27,1
2026-07-09 10:28,TRX/USDT,CLOSE,LONG,0.3312,0.3314,0.06,1
2026-07-09 10:28,LTC/USDT,CLOSE,LONG,44.18,43.96,-0.5,1
2026-07-09 10:28,BCH/USDT,CLOSE,LONG,237.5,236.9,-0.25,1
2026-07-09 10:28,NEAR/USDT,OPEN,SHORT,1.914,,,1
2026-07-09 15:51,BTC/USDT,CLOSE,LONG,62953.4,63016.0,0.1,1
2026-07-09 15:51,BNB/USDT,CLOSE,LONG,573.67,572.07,-0.28,1
2026-07-09 15:51,SOL/USDT,CLOSE,SHORT,78.4,77.88,0.66,1
2026-07-09 15:51,ADA/USDT,CLOSE,SHORT,0.1686,0.1692,-0.36,1
2026-07-09 15:51,NEAR/USDT,CLOSE,SHORT,1.914,1.924,-0.52,1
2026-07-09 17:46,TRX/USDT,OPEN,LONG,0.3321,,,2
2026-07-09 17:46,ATOM/USDT,OPEN,SHORT,1.548,,,1
2026-07-09 19:19,ATOM/USDT,CLOSE,SHORT,1.548,1.554,-0.39,1
2026-07-09 22:28,BTC/USDT,OPEN,LONG,63274.59,,,1
2026-07-10 05:52,BTC/USDT,CLOSE,LONG,63274.59,64047.88,1.22,1
2026-07-10 05:52,DOGE/USDT,OPEN,SHORT,0.07401,,,1
2026-07-10 05:52,LINK/USDT,OPEN,LONG,7.893,,,1
2026-07-10 05:52,TRX/USDT,CLOSE,LONG,0.3321,0.3317,-0.12,2
2026-07-10 05:52,UNI/USDT,OPEN,LONG,3.484,,,1
2026-07-10 08:59,BTC/USDT,OPEN,LONG,63963.0,,,1
2026-07-10 08:59,DOGE/USDT,CLOSE,SHORT,0.07401,0.07376,0.34,1
2026-07-10 11:49,BTC/USDT,CLOSE,LONG,63963.0,64407.8,0.7,1
2026-07-10 11:49,ETH/USDT,OPEN,LONG,1797.01,,,1
2026-07-10 11:49,DOGE/USDT,OPEN,SHORT,0.07445,,,1
2026-07-10 11:49,LINK/USDT,CLOSE,LONG,7.893,7.985,1.17,1
2026-07-10 11:49,TRX/USDT,OPEN,SHORT,0.3295,,,1
2026-07-10 11:49,LTC/USDT,OPEN,LONG,44.6,,,1
2026-07-10 11:49,BCH/USDT,OPEN,LONG,248.6,,,1
2026-07-10 11:49,ATOM/USDT,OPEN,LONG,1.591,,,1
2026-07-10 13:54,BTC/USDT,OPEN,LONG,64286.64,,,1
2026-07-10 13:54,DOGE/USDT,CLOSE,SHORT,0.07445,0.07399,0.62,1
2026-07-10 13:54,LINK/USDT,OPEN,LONG,7.952,,,1
2026-07-10 13:54,TRX/USDT,CLOSE,SHORT,0.3295,0.3303,-0.24,1
2026-07-10 13:54,BCH/USDT,CLOSE,LONG,248.6,249.0,0.16,1
2026-07-10 13:54,ATOM/USDT,CLOSE,LONG,1.591,1.577,-0.88,1
2026-07-10 16:13,SOL/USDT,OPEN,SHORT,78.14,,,1
2026-07-10 16:13,BCH/USDT,OPEN,LONG,249.6,,,1
2026-07-10 19:57,NEAR/USDT,OPEN,SHORT,1.863,,,1
2026-07-10 21:01,BTC/USDT,CLOSE,LONG,64286.64,63841.25,-0.69,1
2026-07-10 21:01,LTC/USDT,CLOSE,LONG,44.6,44.56,-0.09,1
2026-07-10 21:01,NEAR/USDT,CLOSE,SHORT,1.863,1.872,-0.48,1
2026-07-10 23:30,DOT/USDT,OPEN,LONG,0.878,,,1
2026-07-11 04:08,ETH/USDT,CLOSE,LONG,1797.01,1796.5,-0.03,1
2026-07-11 06:32,ETH/USDT,OPEN,LONG,1799.45,,,1
2026-07-11 06:32,LTC/USDT,OPEN,LONG,44.96,,,1
2026-07-11 06:32,UNI/USDT,CLOSE,LONG,3.484,3.504,0.57,1
2026-07-11 08:42,LTC/USDT,CLOSE,LONG,44.96,45.01,0.11,1
2026-07-11 10:08,SOL/USDT,CLOSE,SHORT,78.14,77.84,0.38,1
2026-07-11 10:08,BCH/USDT,CLOSE,LONG,249.6,246.4,-1.28,1
2026-07-11 11:28,ETH/USDT,CLOSE,LONG,1799.45,1798.3,-0.06,1
2026-07-11 12:13,BCH/USDT,OPEN,LONG,246.9,,,1
2026-07-11 12:13,UNI/USDT,OPEN,LONG,3.635,,,1
2026-07-11 13:59,TRX/USDT,OPEN,LONG,0.3314,,,1
2026-07-11 14:52,ETH/USDT,OPEN,LONG,1802.61,,,1
2026-07-11 14:52,BNB/USDT,OPEN,LONG,581.21,,,1
2026-07-11 15:44,BTC/USDT,OPEN,LONG,64350.07,,,1
2026-07-11 15:44,BNB/USDT,CLOSE,LONG,581.21,581.7,0.08,1
2026-07-11 15:44,SOL/USDT,OPEN,LONG,78.5,,,1
2026-07-11 15:44,XRP/USDT,OPEN,LONG,1.1137,,,1
2026-07-11 15:44,DOGE/USDT,OPEN,LONG,0.07518,,,1
2026-07-11 15:44,UNI/USDT,CLOSE,LONG,3.635,3.704,1.9,1
2026-07-11 16:41,BTC/USDT,CLOSE,LONG,64350.07,64175.75,-0.27,1
2026-07-11 16:41,SOL/USDT,CLOSE,LONG,78.5,78.38,-0.15,1
2026-07-11 16:41,XRP/USDT,CLOSE,LONG,1.1137,1.1133,-0.04,1
2026-07-11 16:41,ADA/USDT,OPEN,LONG,0.1719,,,1
2026-07-11 16:41,DOGE/USDT,CLOSE,LONG,0.07518,0.07533,0.2,1
2026-07-11 16:41,TRX/USDT,CLOSE,LONG,0.3314,0.3314,0.0,1
2026-07-11 17:45,ETH/USDT,CLOSE,LONG,1802.61,1823.34,1.15,1
2026-07-11 17:45,ADA/USDT,CLOSE,LONG,0.1719,0.1711,-0.47,1
2026-07-11 17:45,UNI/USDT,OPEN,LONG,3.715,,,1
2026-07-11 18:43,LINK/USDT,CLOSE,LONG,7.952,8.089,1.72,1
2026-07-11 20:43,LINK/USDT,OPEN,LONG,8.08,,,1
2026-07-11 20:43,LTC/USDT,OPEN,LONG,45.4,,,2
2026-07-11 20:43,UNI/USDT,CLOSE,LONG,3.715,3.791,2.05,1
2026-07-11 21:38,LTC/USDT,CLOSE,LONG,45.4,45.43,0.07,2
2026-07-11 21:38,UNI/USDT,OPEN,LONG,3.805,,,1
2026-07-11 22:36,XRP/USDT,OPEN,LONG,1.1148,,,1
2026-07-11 22:36,LTC/USDT,OPEN,LONG,45.37,,,1
2026-07-11 23:42,ETH/USDT,OPEN,LONG,1813.73,,,1
2026-07-11 23:42,XRP/USDT,CLOSE,LONG,1.1148,1.1091,-0.51,1
2026-07-11 23:42,AVAX/USDT,OPEN,SHORT,6.686,,,1
2026-07-11 23:42,DOT/USDT,CLOSE,LONG,0.878,0.866,-1.37,1
2026-07-11 23:42,DOT/USDT,OPEN,SHORT,0.866,,,1
2026-07-12 01:28,ETH/USDT,CLOSE,LONG,1813.73,1788.98,-1.36,1
2026-07-12 01:28,BNB/USDT,OPEN,SHORT,571.29,,,1
2026-07-12 01:28,SOL/USDT,OPEN,SHORT,76.11,,,1
2026-07-12 01:28,XRP/USDT,OPEN,SHORT,1.0932,,,1
2026-07-12 01:28,ADA/USDT,OPEN,SHORT,0.1637,,,2
2026-07-12 01:28,DOGE/USDT,OPEN,SHORT,0.07266,,,1
2026-07-12 01:28,DOT/USDT,CLOSE,SHORT,0.866,0.852,1.62,1
2026-07-12 01:28,LINK/USDT,CLOSE,LONG,8.08,7.901,-2.22,1
2026-07-12 01:28,LTC/USDT,CLOSE,LONG,45.37,44.5,-1.92,1
2026-07-12 01:28,LTC/USDT,OPEN,SHORT,44.5,,,1
2026-07-12 01:28,BCH/USDT,CLOSE,LONG,246.9,243.9,-1.22,1
2026-07-12 01:28,BCH/USDT,OPEN,SHORT,243.9,,,1
2026-07-12 01:28,ATOM/USDT,OPEN,SHORT,1.575,,,1
2026-07-12 04:50,ETH/USDT,OPEN,LONG,1811.53,,,1
2026-07-12 04:50,BNB/USDT,CLOSE,SHORT,571.29,575.39,-0.72,1
2026-07-12 04:50,LINK/USDT,OPEN,LONG,8.042,,,1
2026-07-12 04:50,LTC/USDT,CLOSE,SHORT,44.5,44.78,-0.63,1
2026-07-12 04:50,LTC/USDT,OPEN,LONG,44.78,,,1
2026-07-12 04:50,BCH/USDT,CLOSE,SHORT,243.9,246.0,-0.86,1
2026-07-12 04:50,BCH/USDT,OPEN,LONG,246.0,,,1
2026-07-12 04:50,ATOM/USDT,CLOSE,SHORT,1.575,1.581,-0.38,1
2026-07-12 07:24,ETH/USDT,CLOSE,LONG,1811.53,1795.13,-0.91,1
2026-07-12 07:24,LINK/USDT,CLOSE,LONG,8.042,7.965,-0.96,1
2026-07-12 07:24,LTC/USDT,CLOSE,LONG,44.78,44.48,-0.67,1
2026-07-12 07:24,BCH/USDT,CLOSE,LONG,246.0,244.2,-0.73,1
2026-07-12 09:24,AVAX/USDT,CLOSE,SHORT,6.686,6.395,4.35,1
2026-07-12 09:24,UNI/USDT,CLOSE,LONG,3.805,3.658,-3.86,1
2026-07-12 10:50,ADA/USDT,CLOSE,SHORT,0.1637,0.1645,-0.49,2
2026-07-12 10:50,AVAX/USDT,OPEN,SHORT,6.414,,,1
2026-07-12 12:52,BNB/USDT,OPEN,LONG,580.17,,,1
2026-07-12 15:31,ATOM/USDT,OPEN,LONG,1.589,,,1
2026-07-12 16:43,ATOM/USDT,CLOSE,LONG,1.589,1.587,-0.13,1
2026-07-12 17:50,XRP/USDT,CLOSE,SHORT,1.0932,1.1018,-0.79,1
2026-07-12 18:47,DOT/USDT,OPEN,SHORT,0.837,,,1
2026-07-12 20:00,BNB/USDT,CLOSE,LONG,580.17,579.86,-0.05,1
2026-07-12 20:00,SOL/USDT,CLOSE,SHORT,76.11,77.68,-2.06,1
2026-07-12 20:00,NEAR/USDT,OPEN,LONG,1.933,,,1
2026-07-12 21:38,DOGE/USDT,CLOSE,SHORT,0.07266,0.07346,-1.1,1
2026-07-12 21:38,NEAR/USDT,CLOSE,LONG,1.933,1.916,-0.88,1
2026-07-12 21:38,UNI/USDT,OPEN,LONG,3.706,,,1
2026-07-12 22:37,UNI/USDT,CLOSE,LONG,3.706,3.659,-1.27,1
2026-07-12 23:41,XRP/USDT,OPEN,SHORT,1.0864,,,1
2026-07-12 23:41,ADA/USDT,OPEN,SHORT,0.162,,,2
2026-07-12 23:41,DOGE/USDT,OPEN,SHORT,0.07274,,,1
2026-07-12 23:41,LTC/USDT,OPEN,SHORT,44.19,,,1
2026-07-13 01:29,XRP/USDT,CLOSE,SHORT,1.0864,1.0931,-0.62,1
2026-07-13 01:29,LTC/USDT,CLOSE,SHORT,44.19,44.22,-0.07,1
2026-07-13 04:59,BTC/USDT,OPEN,SHORT,62806.41,,,1
2026-07-13 04:59,ETH/USDT,OPEN,SHORT,1780.55,,,1
2026-07-13 04:59,BNB/USDT,OPEN,SHORT,569.04,,,1
2026-07-13 04:59,SOL/USDT,OPEN,SHORT,75.86,,,1
2026-07-13 04:59,XRP/USDT,OPEN,SHORT,1.0723,,,1
2026-07-13 04:59,LINK/USDT,OPEN,SHORT,7.92,,,1
2026-07-13 04:59,LTC/USDT,OPEN,SHORT,43.53,,,1
2026-07-13 04:59,BCH/USDT,OPEN,SHORT,236.4,,,1
2026-07-13 04:59,NEAR/USDT,OPEN,SHORT,1.867,,,1
2026-07-13 04:59,UNI/USDT,OPEN,SHORT,3.52,,,1
2026-07-13 08:15,BTC/USDT,CLOSE,SHORT,62806.41,62985.52,-0.29,1
2026-07-13 08:15,ETH/USDT,CLOSE,SHORT,1780.55,1787.57,-0.39,1
2026-07-13 08:15,BNB/USDT,CLOSE,SHORT,569.04,570.11,-0.19,1
2026-07-13 08:15,SOL/USDT,CLOSE,SHORT,75.86,76.44,-0.76,1
2026-07-13 08:15,XRP/USDT,CLOSE,SHORT,1.0723,1.0796,-0.68,1
2026-07-13 08:15,DOGE/USDT,CLOSE,SHORT,0.07274,0.07237,0.51,1
2026-07-13 08:15,LINK/USDT,CLOSE,SHORT,7.92,7.978,-0.73,1
2026-07-13 08:15,TRX/USDT,OPEN,LONG,0.3298,,,1
2026-07-13 08:15,LTC/USDT,CLOSE,SHORT,43.53,43.91,-0.87,1
2026-07-13 08:15,BCH/USDT,CLOSE,SHORT,236.4,237.2,-0.34,1
2026-07-13 08:15,NEAR/USDT,CLOSE,SHORT,1.867,1.911,-2.36,1
2026-07-13 08:15,UNI/USDT,CLOSE,SHORT,3.52,3.54,-0.57,1
2026-07-13 11:35,DOT/USDT,CLOSE,SHORT,0.837,0.834,0.36,1
2026-07-13 11:35,TRX/USDT,CLOSE,LONG,0.3298,0.3275,-0.7,1
2026-07-13 11:35,TRX/USDT,OPEN,SHORT,0.3275,,,1
2026-07-13 14:00,BTC/USDT,OPEN,SHORT,62318.0,,,1
2026-07-13 14:00,SOL/USDT,OPEN,SHORT,75.4,,,1
2026-07-13 14:00,ADA/USDT,CLOSE,SHORT,0.162,0.1582,2.35,2
2026-07-13 14:00,AVAX/USDT,CLOSE,SHORT,6.414,6.56,-2.28,1
2026-07-13 14:00,TRX/USDT,CLOSE,SHORT,0.3275,0.3263,0.37,1
2026-07-13 16:36,BTC/USDT,CLOSE,SHORT,62318.0,62618.01,-0.48,1
2026-07-13 16:36,SOL/USDT,CLOSE,SHORT,75.4,75.81,-0.54,1
2026-07-13 16:36,ADA/USDT,OPEN,SHORT,0.1589,,,1
2026-07-13 16:36,LTC/USDT,OPEN,SHORT,43.48,,,1
2026-07-13 18:26,BTC/USDT,OPEN,SHORT,61904.99,,,1
2026-07-13 18:26,ETH/USDT,OPEN,SHORT,1753.62,,,1
2026-07-13 18:26,BNB/USDT,OPEN,SHORT,562.62,,,1
2026-07-13 18:26,SOL/USDT,OPEN,SHORT,74.59,,,1
2026-07-13 18:26,XRP/USDT,OPEN,SHORT,1.0591,,,1
2026-07-13 18:26,DOGE/USDT,OPEN,SHORT,0.07095,,,1
2026-07-13 18:26,AVAX/USDT,OPEN,SHORT,6.436,,,1
2026-07-13 18:26,LINK/USDT,OPEN,SHORT,7.801,,,1
2026-07-13 18:26,BCH/USDT,OPEN,SHORT,234.6,,,1
2026-07-13 18:26,ATOM/USDT,OPEN,SHORT,1.531,,,1
2026-07-13 19:56,BTC/USDT,CLOSE,SHORT,61904.99,62020.0,-0.19,1
2026-07-13 19:56,ETH/USDT,CLOSE,SHORT,1753.62,1764.9,-0.64,1
2026-07-13 19:56,BNB/USDT,CLOSE,SHORT,562.62,564.44,-0.32,1
2026-07-13 19:56,SOL/USDT,CLOSE,SHORT,74.59,74.86,-0.36,1
2026-07-13 19:56,XRP/USDT,CLOSE,SHORT,1.0591,1.0615,-0.23,1
2026-07-13 19:56,DOGE/USDT,CLOSE,SHORT,0.07095,0.07135,-0.56,1
2026-07-13 19:56,LINK/USDT,CLOSE,SHORT,7.801,7.846,-0.58,1
2026-07-13 19:56,BCH/USDT,CLOSE,SHORT,234.6,235.5,-0.38,1
2026-07-13 19:56,ATOM/USDT,CLOSE,SHORT,1.531,1.536,-0.33,1
2026-07-13 21:43,SOL/USDT,OPEN,SHORT,74.8,,,1
2026-07-13 22:43,TRX/USDT,OPEN,SHORT,0.3251,,,1
2026-07-13 22:43,BCH/USDT,OPEN,SHORT,234.2,,,1
2026-07-13 23:42,BTC/USDT,OPEN,SHORT,61924.0,,,1
2026-07-13 23:42,BCH/USDT,CLOSE,SHORT,234.2,234.1,0.04,1
2026-07-14 01:18,AVAX/USDT,CLOSE,SHORT,6.436,6.482,-0.71,1
2026-07-14 01:18,TRX/USDT,CLOSE,SHORT,0.3251,0.3244,0.22,1
2026-07-14 01:18,UNI/USDT,OPEN,LONG,3.61,,,1
2026-07-14 04:21,LTC/USDT,CLOSE,SHORT,43.48,43.7,-0.51,1
2026-07-14 04:21,ATOM/USDT,OPEN,SHORT,1.52,,,1
2026-07-14 04:21,UNI/USDT,CLOSE,LONG,3.61,3.588,-0.61,1
2026-07-14 06:32,BTC/USDT,CLOSE,SHORT,61924.0,62737.0,-1.31,1
2026-07-14 06:32,DOT/USDT,OPEN,LONG,0.845,,,1
2026-07-14 06:32,ATOM/USDT,CLOSE,SHORT,1.52,1.538,-1.18,1
2026-07-14 06:32,NEAR/USDT,OPEN,LONG,1.994,,,1
2026-07-14 08:58,DOT/USDT,CLOSE,LONG,0.845,0.844,-0.12,1
2026-07-14 08:58,TRX/USDT,OPEN,SHORT,0.3251,,,1
2026-07-14 08:58,NEAR/USDT,CLOSE,LONG,1.994,1.993,-0.05,1
2026-07-14 10:42,NEAR/USDT,OPEN,LONG,1.986,,,1
2026-07-14 12:05,SOL/USDT,CLOSE,SHORT,74.8,75.4,-0.8,1
2026-07-14 12:05,ADA/USDT,CLOSE,SHORT,0.1589,0.1592,-0.19,1
2026-07-14 14:21,ETH/USDT,OPEN,LONG,1871.31,,,1
2026-07-14 14:21,BNB/USDT,OPEN,LONG,578.97,,,1
2026-07-14 14:21,SOL/USDT,OPEN,SHORT,76.94,,,1
2026-07-14 14:21,XRP/USDT,OPEN,LONG,1.0991,,,1
2026-07-14 14:21,DOGE/USDT,OPEN,LONG,0.0739,,,1
2026-07-14 14:21,AVAX/USDT,OPEN,LONG,6.659,,,1
2026-07-14 14:21,LINK/USDT,OPEN,LONG,8.305,,,1
2026-07-14 14:21,LTC/USDT,OPEN,LONG,44.68,,,1
2026-07-14 14:21,ATOM/USDT,OPEN,LONG,1.549,,,1
2026-07-14 15:54,BTC/USDT,OPEN,LONG,64305.02,,,1
2026-07-14 15:54,ETH/USDT,CLOSE,LONG,1871.31,1881.16,0.53,1
2026-07-14 15:54,BNB/USDT,CLOSE,LONG,578.97,581.48,0.43,1
2026-07-14 15:54,XRP/USDT,CLOSE,LONG,1.0991,1.103,0.35,1
2026-07-14 15:54,ADA/USDT,OPEN,SHORT,0.1644,,,1
2026-07-14 15:54,AVAX/USDT,CLOSE,LONG,6.659,6.657,-0.03,1
2026-07-14 15:54,LTC/USDT,CLOSE,LONG,44.68,44.68,0.0,1
2026-07-14 15:54,NEAR/USDT,CLOSE,LONG,1.986,2.042,2.82,1
2026-07-14 17:01,BTC/USDT,CLOSE,LONG,64305.02,64730.0,0.66,1
2026-07-14 17:01,DOGE/USDT,CLOSE,LONG,0.0739,0.07458,0.92,1
2026-07-14 17:01,LINK/USDT,CLOSE,LONG,8.305,8.272,-0.4,1
2026-07-14 17:01,ATOM/USDT,CLOSE,LONG,1.549,1.553,0.26,1
2026-07-14 17:01,NEAR/USDT,OPEN,LONG,2.038,,,1
2026-07-14 18:35,ADA/USDT,CLOSE,SHORT,0.1644,0.1638,0.36,1
2026-07-14 18:35,LINK/USDT,OPEN,LONG,8.263,,,1
2026-07-14 20:04,BNB/USDT,OPEN,LONG,580.64,,,1
2026-07-14 20:04,SOL/USDT,CLOSE,SHORT,76.94,77.17,-0.3,1
2026-07-14 20:04,XRP/USDT,OPEN,LONG,1.1153,,,1
2026-07-14 20:04,LINK/USDT,CLOSE,LONG,8.263,8.292,0.35,1
2026-07-14 21:28,XRP/USDT,CLOSE,LONG,1.1153,1.1104,-0.44,1
2026-07-14 22:29,ADA/USDT,OPEN,SHORT,0.1645,,,1
2026-07-14 22:29,LINK/USDT,OPEN,LONG,8.27,,,1
2026-07-14 22:29,LTC/USDT,OPEN,LONG,45.11,,,1
2026-07-14 22:29,UNI/USDT,OPEN,LONG,3.69,,,1
2026-07-14 23:25,UNI/USDT,CLOSE,LONG,3.69,3.659,-0.84,1
2026-07-15 00:11,ADA/USDT,CLOSE,SHORT,0.1645,0.1656,-0.67,1
2026-07-15 00:11,LINK/USDT,CLOSE,LONG,8.27,8.345,0.91,1
2026-07-15 00:11,TRX/USDT,CLOSE,SHORT,0.3251,0.3259,-0.25,1
2026-07-15 03:42,BTC/USDT,OPEN,LONG,64490.87,,,1
2026-07-15 03:42,ETH/USDT,OPEN,LONG,1864.6,,,1
2026-07-15 03:42,LINK/USDT,OPEN,LONG,8.276,,,1
2026-07-15 03:42,BCH/USDT,OPEN,SHORT,231.9,,,1
2026-07-15 06:06,SOL/USDT,OPEN,LONG,78.26,,,1
2026-07-15 06:06,BCH/USDT,CLOSE,SHORT,231.9,235.2,-1.42,1
2026-07-15 08:40,SOL/USDT,CLOSE,LONG,78.26,77.42,-1.07,1
2026-07-15 08:40,UNI/USDT,OPEN,SHORT,3.592,,,1
2026-07-15 10:41,BNB/USDT,CLOSE,LONG,580.64,577.14,-0.6,1
2026-07-15 10:41,TRX/USDT,OPEN,LONG,0.3282,,,1
2026-07-15 10:41,UNI/USDT,CLOSE,SHORT,3.592,3.595,-0.08,1
2026-07-15 12:09,TRX/USDT,CLOSE,LONG,0.3282,0.3281,-0.03,1
2026-07-15 14:17,ETH/USDT,CLOSE,LONG,1864.6,1925.76,3.28,1
2026-07-15 14:17,XRP/USDT,OPEN,LONG,1.1218,,,1
2026-07-15 14:17,NEAR/USDT,CLOSE,LONG,2.038,2.085,2.31,1
2026-07-15 15:58,XRP/USDT,CLOSE,LONG,1.1218,1.1258,0.36,1
2026-07-15 15:58,NEAR/USDT,OPEN,LONG,2.079,,,1
2026-07-15 17:14,ETH/USDT,OPEN,LONG,1919.62,,,1
2026-07-15 17:14,XRP/USDT,OPEN,LONG,1.114,,,1
2026-07-15 17:14,TRX/USDT,OPEN,SHORT,0.3246,,,2
2026-07-15 17:14,BCH/USDT,OPEN,SHORT,230.7,,,1
2026-07-15 18:36,ETH/USDT,CLOSE,LONG,1919.62,1927.94,0.43,1
2026-07-15 18:36,AVAX/USDT,OPEN,LONG,6.726,,,1
2026-07-15 20:01,ETH/USDT,OPEN,LONG,1924.15,,,1
2026-07-15 20:01,DOT/USDT,OPEN,SHORT,0.841,,,1
2026-07-15 20:01,BCH/USDT,CLOSE,SHORT,230.7,227.7,1.3,1
2026-07-15 20:01,ATOM/USDT,OPEN,SHORT,1.556,,,1
2026-07-15 21:27,DOT/USDT,CLOSE,SHORT,0.841,0.846,-0.59,1
2026-07-15 21:27,ATOM/USDT,CLOSE,SHORT,1.556,1.56,-0.26,1
2026-07-15 22:28,ATOM/USDT,OPEN,SHORT,1.559,,,1
2026-07-15 23:27,ATOM/USDT,CLOSE,SHORT,1.559,1.56,-0.06,1
2026-07-16 00:54,BTC/USDT,CLOSE,LONG,64490.87,64756.28,0.41,1
2026-07-16 00:54,BCH/USDT,OPEN,SHORT,223.1,,,1
2026-07-16 00:54,ATOM/USDT,OPEN,SHORT,1.556,,,1
2026-07-16 03:55,XRP/USDT,CLOSE,LONG,1.114,1.117,0.27,1
2026-07-16 03:55,LTC/USDT,CLOSE,LONG,45.11,45.32,0.47,1
2026-07-16 06:09,AVAX/USDT,CLOSE,LONG,6.726,6.714,-0.18,1
2026-07-16 06:09,ATOM/USDT,CLOSE,SHORT,1.556,1.56,-0.26,1
2026-07-16 08:38,BTC/USDT,OPEN,SHORT,64238.0,,,1
2026-07-16 08:38,SOL/USDT,OPEN,SHORT,76.41,,,1
2026-07-16 08:38,AVAX/USDT,OPEN,SHORT,6.628,,,1
2026-07-16 08:38,DOT/USDT,OPEN,SHORT,0.836,,,1
2026-07-16 08:38,ATOM/USDT,OPEN,SHORT,1.545,,,1
2026-07-16 08:38,NEAR/USDT,CLOSE,LONG,2.079,2.051,-1.35,1
2026-07-16 10:49,BTC/USDT,CLOSE,SHORT,64238.0,64090.0,0.23,1
2026-07-16 10:49,ETH/USDT,CLOSE,LONG,1924.15,1884.67,-2.05,1
2026-07-16 10:49,SOL/USDT,CLOSE,SHORT,76.41,76.02,0.51,1
2026-07-16 10:49,AVAX/USDT,CLOSE,SHORT,6.628,6.581,0.71,1
2026-07-16 12:13,LINK/USDT,CLOSE,LONG,8.276,8.448,2.08,1
2026-07-16 12:13,LTC/USDT,OPEN,SHORT,44.57,,,1
2026-07-16 12:13,ATOM/USDT,CLOSE,SHORT,1.545,1.534,0.71,1
2026-07-16 14:30,DOT/USDT,CLOSE,SHORT,0.836,0.847,-1.32,1
2026-07-16 14:30,LTC/USDT,CLOSE,SHORT,44.57,44.75,-0.4,1
2026-07-16 18:37,ETH/USDT,OPEN,LONG,1868.91,,,1
2026-07-16 18:37,SOL/USDT,OPEN,SHORT,75.61,,,1
2026-07-16 18:37,XRP/USDT,OPEN,SHORT,1.0946,,,1
2026-07-16 18:37,ATOM/USDT,OPEN,SHORT,1.52,,,1
2026-07-16 19:55,ETH/USDT,CLOSE,LONG,1868.91,1875.85,0.37,1
2026-07-16 19:55,SOL/USDT,CLOSE,SHORT,75.61,75.74,-0.17,1
2026-07-16 19:55,XRP/USDT,CLOSE,SHORT,1.0946,1.0934,0.11,1
2026-07-16 19:55,ATOM/USDT,CLOSE,SHORT,1.52,1.53,-0.66,1
2026-07-16 22:47,DOT/USDT,OPEN,LONG,0.869,,,1
2026-07-16 23:47,BNB/USDT,OPEN,SHORT,573.69,,,1
2026-07-16 23:47,SOL/USDT,OPEN,SHORT,75.32,,,1
2026-07-16 23:47,ADA/USDT,OPEN,SHORT,0.1609,,,1
2026-07-16 23:47,AVAX/USDT,OPEN,SHORT,6.558,,,1
2026-07-16 23:47,DOT/USDT,CLOSE,LONG,0.869,0.857,-1.38,1
2026-07-17 01:28,BNB/USDT,CLOSE,SHORT,573.69,573.88,-0.03,1
2026-07-17 01:28,ADA/USDT,CLOSE,SHORT,0.1609,0.1616,-0.44,1
2026-07-17 01:28,BCH/USDT,CLOSE,SHORT,223.1,224.1,-0.45,1
2026-07-17 04:38,ETH/USDT,OPEN,LONG,1852.53,,,1
2026-07-17 04:38,DOGE/USDT,OPEN,SHORT,0.07244,,,1
2026-07-17 04:38,LINK/USDT,OPEN,LONG,8.279,,,1
2026-07-17 04:38,TRX/USDT,CLOSE,SHORT,0.3246,0.3218,0.86,2
2026-07-17 04:38,LTC/USDT,OPEN,LONG,45.56,,,1
2026-07-17 07:09,TRX/USDT,OPEN,SHORT,0.3221,,,1
2026-07-17 07:09,LTC/USDT,CLOSE,LONG,45.56,44.89,-1.47,1
2026-07-17 07:09,NEAR/USDT,OPEN,SHORT,1.945,,,1
2026-07-17 09:25,BNB/USDT,OPEN,SHORT,564.64,,,1
2026-07-17 09:25,XRP/USDT,OPEN,SHORT,1.0848,,,1
2026-07-17 09:25,LTC/USDT,OPEN,SHORT,44.33,,,1
2026-07-17 11:01,ETH/USDT,CLOSE,LONG,1852.53,1836.97,-0.84,1
2026-07-17 11:01,BNB/USDT,CLOSE,SHORT,564.64,564.19,0.08,1
2026-07-17 11:01,LTC/USDT,CLOSE,SHORT,44.33,44.56,-0.52,1
2026-07-17 11:01,NEAR/USDT,CLOSE,SHORT,1.945,1.917,1.44,1
2026-07-17 12:40,BNB/USDT,OPEN,SHORT,564.78,,,1
2026-07-17 12:40,BCH/USDT,OPEN,SHORT,218.4,,,1
2026-07-17 14:24,LINK/USDT,CLOSE,LONG,8.279,8.114,-1.99,1
2026-07-17 14:24,LINK/USDT,OPEN,SHORT,8.114,,,1
2026-07-17 14:24,TRX/USDT,CLOSE,SHORT,0.3221,0.3231,-0.31,1
2026-07-17 14:24,BCH/USDT,CLOSE,SHORT,218.4,218.0,0.18,1
2026-07-17 15:52,BNB/USDT,CLOSE,SHORT,564.78,561.86,0.52,1
2026-07-17 15:52,LINK/USDT,CLOSE,SHORT,8.114,8.11,0.05,1
2026-07-17 15:52,BCH/USDT,OPEN,SHORT,217.4,,,1
2026-07-17 16:58,BNB/USDT,OPEN,SHORT,562.97,,,1
2026-07-17 16:58,ADA/USDT,OPEN,LONG,0.164,,,1
2026-07-17 18:01,BTC/USDT,OPEN,LONG,64049.86,,,1
2026-07-17 18:01,ADA/USDT,CLOSE,LONG,0.164,0.1651,0.67,1
2026-07-17 18:01,AVAX/USDT,CLOSE,SHORT,6.558,6.598,-0.61,1
2026-07-17 19:38,DOGE/USDT,CLOSE,SHORT,0.07244,0.0728,-0.5,1
2026-07-17 20:41,DOGE/USDT,OPEN,SHORT,0.07266,,,1
2026-07-17 21:40,BTC/USDT,CLOSE,LONG,64049.86,64120.0,0.11,1
2026-07-17 23:41,DOGE/USDT,CLOSE,SHORT,0.07266,0.07255,0.15,1
2026-07-18 04:19,SOL/USDT,CLOSE,SHORT,75.32,75.38,-0.08,1
2026-07-18 04:19,XRP/USDT,CLOSE,SHORT,1.0848,1.0901,-0.49,1
2026-07-18 10:55,BNB/USDT,CLOSE,SHORT,562.97,568.48,-0.98,1
2026-07-18 11:43,BNB/USDT,OPEN,LONG,569.56,,,1
2026-07-18 12:46,BNB/USDT,CLOSE,LONG,569.56,569.76,0.04,1
2026-07-18 12:46,BCH/USDT,CLOSE,SHORT,217.4,219.5,-0.97,1
2026-07-18 14:15,ADA/USDT,OPEN,SHORT,0.1647,,,1
2026-07-18 14:15,LTC/USDT,OPEN,LONG,45.79,,,1
2026-07-18 15:27,ADA/USDT,CLOSE,SHORT,0.1647,0.1651,-0.24,1
2026-07-18 16:25,LTC/USDT,CLOSE,LONG,45.79,46.24,0.98,1
2026-07-18 17:28,BTC/USDT,OPEN,LONG,64303.47,,,1
2026-07-18 17:28,LTC/USDT,OPEN,LONG,47.19,,,1
2026-07-18 18:27,ETH/USDT,OPEN,LONG,1852.82,,,1
2026-07-18 18:27,XRP/USDT,OPEN,LONG,1.0935,,,1
2026-07-18 19:38,XRP/USDT,CLOSE,LONG,1.0935,1.0908,-0.25,1
2026-07-18 19:38,TRX/USDT,OPEN,SHORT,0.3251,,,1
2026-07-18 19:38,LTC/USDT,CLOSE,LONG,47.19,47.13,-0.13,1
2026-07-18 20:36,BTC/USDT,CLOSE,LONG,64303.47,64552.79,0.39,1
2026-07-18 20:36,ETH/USDT,CLOSE,LONG,1852.82,1858.45,0.3,1
2026-07-18 20:36,TRX/USDT,CLOSE,SHORT,0.3251,0.3257,-0.18,1
2026-07-18 20:36,TRX/USDT,OPEN,LONG,0.3257,,,1
2026-07-18 20:36,LTC/USDT,OPEN,LONG,46.87,,,1
2026-07-18 21:39,BTC/USDT,OPEN,LONG,64693.01,,,1
2026-07-18 22:37,BTC/USDT,CLOSE,LONG,64693.01,64731.72,0.06,1
2026-07-18 22:37,TRX/USDT,CLOSE,LONG,0.3257,0.3256,-0.03,1
2026-07-19 01:26,ETH/USDT,OPEN,LONG,1861.45,,,1
2026-07-19 04:42,BTC/USDT,OPEN,LONG,64706.18,,,1
2026-07-19 04:42,SOL/USDT,OPEN,SHORT,75.96,,,1
2026-07-19 07:22,LINK/USDT,OPEN,LONG,8.356,,,1
2026-07-19 09:24,ETH/USDT,CLOSE,LONG,1861.45,1873.88,0.67,1
2026-07-19 10:50,ETH/USDT,OPEN,LONG,1866.16,,,1
2026-07-19 10:50,SOL/USDT,CLOSE,SHORT,75.96,75.99,-0.04,1
2026-07-19 10:50,AVAX/USDT,OPEN,SHORT,6.497,,,1
2026-07-19 10:50,TRX/USDT,OPEN,LONG,0.3269,,,1
2026-07-19 11:48,SOL/USDT,OPEN,SHORT,76.26,,,1
2026-07-19 11:48,AVAX/USDT,CLOSE,SHORT,6.497,6.506,-0.14,1
2026-07-19 12:49,SOL/USDT,CLOSE,SHORT,76.26,76.06,0.26,1
2026-07-19 12:49,TRX/USDT,CLOSE,LONG,0.3269,0.3273,0.12,1
2026-07-19 12:49,ATOM/USDT,OPEN,SHORT,1.483,,,1
2026-07-19 14:19,ATOM/USDT,CLOSE,SHORT,1.483,1.489,-0.4,1
2026-07-19 16:26,LINK/USDT,CLOSE,LONG,8.356,8.358,0.02,1
2026-07-19 17:30,NEAR/USDT,OPEN,SHORT,1.908,,,1
2026-07-19 17:30,UNI/USDT,OPEN,SHORT,3.498,,,1
2026-07-19 18:28,DOT/USDT,OPEN,SHORT,0.818,,,1
2026-07-19 18:28,NEAR/USDT,CLOSE,SHORT,1.908,1.911,-0.16,1
2026-07-19 19:39,BTC/USDT,CLOSE,LONG,64706.18,64419.99,-0.44,1
2026-07-19 19:39,DOT/USDT,CLOSE,SHORT,0.818,0.813,0.61,1
2026-07-19 19:39,UNI/USDT,CLOSE,SHORT,3.498,3.48,0.51,1
2026-07-19 23:45,DOT/USDT,OPEN,SHORT,0.819,,,1
2026-07-20 01:55,BTC/USDT,OPEN,LONG,64553.84,,,1
2026-07-20 01:55,BCH/USDT,OPEN,SHORT,213.4,,,1
2026-07-20 01:55,ATOM/USDT,OPEN,SHORT,1.468,,,1
2026-07-20 05:28,LINK/USDT,OPEN,LONG,8.422,,,1
2026-07-20 05:28,TRX/USDT,OPEN,LONG,0.3266,,,1
2026-07-20 08:23,BTC/USDT,CLOSE,LONG,64553.84,64280.01,-0.42,1
2026-07-20 08:23,ATOM/USDT,CLOSE,SHORT,1.468,1.465,0.2,1
